Date,Local Route,Light Rail,Peak Service,Rapid Route,School,Other
01/07/2019,"15,987","9,962",407,"21,223","3,715",
30/08/2024,"16,436","10,705",225,"19,026","3,925",59
15/09/2023,"15,499","10,671",267,"18,421","4,519",61
28/12/2021,"1,756","2,352",0,"3,775",0,13
11/01/2023,"10,536","8,347",223,"14,072",0,48
11/09/2021,820,612,0,"1,283",0,11
31/01/2020,"12,977","9,620",242,"19,327",0,0
01/03/2023,"17,387","11,627",362,"21,753","5,544",108
17/07/2021,"2,735","3,651",0,"5,236",0,20
07/03/2023,"17,674","11,859",364,"21,560","5,700",91
12/11/2020,"13,405","6,989",273,"13,688","4,983",74
29/08/2023,"16,332","11,502",395,"20,819","4,718",90
30/09/2019,"14,148","11,666",414,"22,670",0,0
11/03/2023,"4,137","6,701",0,"9,370",9,19
11/06/2020,"9,293","4,765",127,"9,940","4,936",1
08/05/2022,"1,815","3,424",0,"4,869",0,18
22/06/2021,"15,204","9,372",324,"16,855","4,239",80
28/06/2022,"11,895","8,363",262,"14,384","2,913",57
19/07/2024,"11,573","9,340",254,"15,526",0,70
25/10/2021,"6,517","3,158",80,"6,569","1,861",39
05/05/2021,"16,573","9,338",341,"17,666","5,786",77
11/04/2023,"11,880","9,258",292,"16,829",0,49
04/10/2020,"1,835","3,226",0,"4,156",0,27
30/12/2021,"4,349","2,957",16,"4,988",0,40
27/10/2019,"3,020","5,112",0,"6,761",0,171
28/11/2019,"18,200","11,890",424,"23,911","4,904",0
19/12/2020,"3,103","4,635",0,"5,958",0,24
19/11/2022,"3,736","5,573",0,"7,765",0,32
13/09/2021,"2,164",848,22,"2,204",0,35
17/09/2023,"2,709","5,108",0,"7,813",0,23
30/12/2019,"5,899","4,310",26,"7,269",0,0
12/10/2019,"3,631","6,629",0,"9,204",0,0
04/11/2021,"9,013","4,379",112,"8,518","4,388",56
10/07/2024,"12,394","9,952",308,"16,751",0,76
18/01/2023,"11,246","8,489",278,"14,409",0,70
08/07/2024,"11,237","8,654",282,"15,559",0,52
12/09/2020,"2,449","3,707",0,"5,562",0,17
07/10/2023,"4,077","6,830",0,"8,725",0,14
02/06/2020,"9,101","4,373",110,"9,258","4,931",1
02/02/2022,"11,578","5,892",114,"10,954","5,852",53
15/05/2021,"3,003","4,645",0,"6,296",0,27
19/03/2022,"3,189","5,160",0,"6,911",0,34
02/02/2023,"15,814","10,464",324,"18,290","5,995",82
08/01/2021,"8,402","6,501",144,"10,400",0,34
07/03/2024,"19,316","12,226",351,"22,311","5,990",110
16/08/2024,"16,467","10,797",256,"19,135","4,678",95
23/10/2020,"13,313","6,459",198,"13,817","5,004",40
23/09/2020,"12,750","6,277",202,"12,590","4,965",63
10/05/2024,"17,339","10,895",281,"19,114","5,080",75
28/08/2024,"16,867","11,452",333,"21,017","4,644",106
23/07/2020,"11,244","5,630",167,"11,301","5,205",64
13/01/2024,"3,537","4,717",0,"6,425",0,20
26/02/2023,"2,481","5,640",0,"6,881",0,21
12/08/2020,"11,814","5,681",180,"11,606","5,116",52
12/09/2022,"13,036","8,545",215,"15,050","4,514",105
28/02/2023,"15,837","11,516",351,"20,528","2,345",84
28/03/2020,"1,092","1,081",0,"1,971",0,0
24/07/2019,"19,380","12,044",463,"25,312","5,786",1
18/08/2024,"2,719","4,481",0,"6,552",0,13
26/04/2021,"2,282","3,173",0,"4,503",0,23
08/12/2021,"11,353","6,969",213,"12,215","2,565",76
05/11/2019,"18,877","12,355",468,"24,998","5,752",1
01/08/2024,"17,225","11,114",333,"20,758","5,031",79
26/11/2020,"13,752","8,194",237,"14,711","4,502",67
16/06/2023,"14,424","10,477",284,"17,591","4,425",64
21/12/2019,"3,175","4,981",0,"6,683",0,1
01/01/2023,"1,364","2,406",0,"3,178",0,4
09/10/2022,"2,154","3,826",0,"5,430",0,16
07/08/2023,"15,879","10,904",330,"19,511","4,755",71
31/08/2024,"4,742","5,775",0,"8,586",0,20
18/07/2020,"2,035","3,565",0,"4,853",0,23
20/07/2022,"13,322","8,369",212,"14,852","4,448",61
27/03/2024,"18,173","12,156",393,"20,914","5,656",80
04/10/2019,"14,021","12,060",313,"23,197",0,0
11/02/2021,"16,855","9,005",308,"17,343","6,264",111
23/07/2022,"3,016","5,045",0,"6,759",0,30
20/04/2020,"2,987","2,388",55,"3,662",0,0
03/05/2020,959,"1,086",0,"1,821",0,0
25/09/2021,821,709,0,"1,425",0,12
06/09/2019,"17,771","11,162",364,"22,459","5,421",0
24/03/2023,"16,465","11,110",281,"19,704","5,200",76
09/09/2020,"12,127","6,074",157,"11,887","5,078",54
28/07/2021,"15,168","8,604",314,"16,204","5,318",55
15/04/2024,"12,891","10,139",366,"17,634",0,65
05/07/2024,"13,529","9,363",247,"16,422","2,344",81
26/01/2021,"1,960","2,800",0,"4,382",0,14
30/08/2023,"16,457","11,148",385,"20,283","4,678",91
13/05/2023,"3,988","6,036",0,"8,328",0,24
09/07/2020,"6,888","5,062",129,"9,600",0,8
26/07/2019,"18,698","12,296",298,"24,258","5,634",2
24/09/2020,"13,115","6,539",217,"12,691","5,071",49
12/07/2023,"11,725","9,846",348,"16,297",0,49
01/10/2019,"15,028","12,441",421,"24,365",0,1
03/04/2024,"17,476","11,100",396,"20,651","5,604",89
04/06/2022,"2,632","4,137",0,"5,868",0,16
25/12/2021,79,409,0,156,0,0
12/03/2021,"16,565","9,548",258,"17,365","5,472",79
14/12/2021,"11,100","7,081",221,"12,751",841,57
23/02/2020,"3,124","6,520",0,"7,922",2,1
27/02/2022,"1,958","3,660",0,"4,666",0,33
10/06/2021,"15,388","9,114",289,"16,617","5,269",84
04/01/2023,"8,322","5,964",140,"10,293",0,32
10/12/2022,"3,687","6,170",0,"7,773",0,26
22/02/2021,"16,090","8,742",318,"16,780","5,741",84
17/09/2019,"18,169","11,827",484,"25,470","5,711",0
10/01/2021,"1,866","2,063",0,"4,063",0,18
02/03/2020,"19,911","12,308",485,"26,947","6,518",0
01/05/2020,"3,258","1,687",41,"3,734",72,8
12/10/2021,"2,775","1,231",36,"2,806",0,29
07/06/2022,"12,863","8,321",233,"14,594","4,367",58
13/10/2022,"15,019","9,623",240,"17,206","4,386",94
19/07/2023,"15,669","10,790",380,"18,916","5,000",98
06/04/2024,"3,894","5,093",0,"6,917",0,18
06/03/2022,"1,935","3,126",0,"4,911",11,20
18/03/2022,"13,920","8,671",191,"15,136","4,728",109
05/10/2022,"9,813","7,663",252,"13,674",0,45
02/08/2024,"16,929","10,875",256,"19,123","4,654",64
10/04/2020,379,506,0,850,0,0
20/04/2024,"5,039","6,200",0,"8,743",0,26
14/05/2024,"18,033","11,508",363,"20,873","5,229",72
24/02/2020,"20,110","12,211",516,"26,749","6,622",0
28/10/2020,"13,441","7,017",237,"13,669","5,350",46
20/10/2023,"16,409","11,289",276,"19,301","4,789",82
27/11/2022,"2,534","4,322",0,"6,253",0,21
24/11/2021,"10,571","5,992",175,"11,603","4,309",62
10/05/2022,"13,618","8,881",270,"15,462","4,768",97
13/02/2024,"18,918","11,369",370,"21,562","6,431",96
17/03/2024,"2,856","4,739",0,"6,702",0,17
16/11/2019,"4,063","6,734",0,"9,130",0,0
10/07/2020,"6,701","5,250",111,"9,377",0,3
01/01/2022,"1,028","1,653",0,"2,245",0,9
17/06/2023,"3,861","5,745",0,"7,858",0,64
26/09/2022,"10,515","8,757",211,"14,394",0,68
01/12/2022,"14,039","9,654",228,"16,573","3,421",51
28/02/2020,"20,266","14,527",416,"27,198","6,358",0
20/11/2022,"2,384","4,102",0,"5,694",0,34
03/08/2020,"11,297","5,464",148,"10,927","5,289",89
30/08/2019,"18,595","12,416",363,"24,492","5,150",1
07/05/2020,"3,741","2,126",58,"4,792",147,8
26/01/2023,"2,333","4,119",0,"5,938",0,13
18/08/2023,"15,409","10,825",260,"18,974","4,402",92
09/04/2024,"16,863","10,584",423,"19,544","5,557",85
18/08/2021,"2,079",800,22,"1,915",19,17
17/05/2020,"1,074","1,489",0,"2,243",0,0
16/03/2023,"17,731","11,437",266,"21,334","5,628",115
04/06/2023,"2,317","4,011",0,"5,786",0,13
17/04/2024,"13,922","11,068",406,"19,070",0,80
26/04/2024,"11,988","9,336",193,"15,869",0,78
09/01/2023,"9,863","7,632",226,"13,141",0,44
19/07/2022,"13,438","8,299",221,"14,648","4,620",58
27/04/2024,"4,922","6,073",0,"8,213",0,24
26/08/2021,"2,074",753,14,"1,909",0,22
07/02/2024,"18,667","11,522",406,"21,230","6,756",88
06/02/2022,"1,888","2,750",0,"4,112",0,14
01/09/2020,"12,001","6,149",187,"12,148","5,041",69
19/12/2022,"10,284","7,898",184,"13,242",0,48
11/02/2020,"20,335","12,064",529,"26,842","7,255",1
06/07/2022,"9,609","7,958",235,"12,697",0,52
19/05/2023,"15,563","10,628",287,"18,360","4,607",87
05/05/2023,"15,523","10,625",274,"18,453","4,759",81
07/08/2024,"17,505","11,695",349,"21,288","4,961",76
29/09/2024,1,0,0,3,0,
06/04/2023,"15,478","10,385",258,"18,318","4,393",78
21/06/2024,"14,986","9,623",263,"17,075","4,501",77
26/01/2022,"1,716","2,424",0,"3,957",0,22
22/09/2020,"12,729","6,408",228,"12,778","5,228",41
31/07/2019,"19,599","12,447",478,"25,342","5,736",0
09/11/2019,"3,905","6,565",0,"9,388",0,0
02/03/2023,"17,478","11,640",333,"20,972","5,190",159
19/03/2024,"19,306","12,747",423,"22,837","6,025",82
13/08/2020,"11,977","5,930",172,"11,904","5,184",58
15/06/2022,"13,225","8,683",228,"14,884","4,201",39
27/02/2023,"16,775","10,728",312,"19,631","5,672",71
12/04/2021,"11,021","8,155",277,"14,571",0,49
31/10/2023,"16,627","10,852",325,"19,294","5,172",56
29/04/2020,"2,831","1,555",59,"3,692",70,1
10/02/2020,"17,882","10,840",434,"23,380","6,021",0
06/08/2020,"11,774","5,871",176,"11,698","5,135",50
26/12/2023,"2,375","3,845",0,"5,868",0,13
12/05/2024,"2,494","4,437",0,"6,251",0,14
02/12/2020,"13,699","8,330",252,"14,685","4,238",46
03/08/2024,"4,804","6,173",0,"8,623",2,26
16/09/2021,"2,429",943,23,"2,390",0,33
27/11/2021,"2,728","3,949",0,"5,549",0,22
11/05/2020,"4,023","2,154",78,"4,980",800,2
29/04/2022,"13,989","9,034",198,"15,513","5,070",50
04/12/2020,"13,528","9,163",187,"14,770","3,830",65
15/11/2020,"2,055","3,196",0,"4,597",0,20
19/11/2021,"10,516","6,492",128,"10,990","4,013",48
11/02/2023,"3,940","6,141",0,"8,266",0,12
24/07/2023,"16,262","11,164",362,"19,238","4,795",93
02/10/2023,"2,511","4,697",0,"6,450",0,20
15/05/2024,"17,920","11,871",388,"20,313","5,164",62
17/10/2021,883,"1,321",0,"2,098",0,10
02/01/2020,"6,913","6,330",118,"9,780",0,0
29/04/2021,"17,194","9,979",315,"18,817","5,599",98
09/02/2023,"15,166","9,802",264,"17,773","5,120",123
06/01/2021,"8,049","5,878",179,"9,748",0,36
15/11/2023,"16,271","10,494",362,"19,149","4,833",65
05/02/2021,"15,710","9,112",237,"15,836","6,347",102
28/12/2023,"6,486","4,876",21,"7,742",0,43
08/01/2023,"2,299","4,248",0,"5,101",0,33
14/03/2022,"2,098","3,309",0,"5,210",0,26
30/04/2024,"18,231","11,851",383,"21,160","5,821",94
17/02/2020,"19,785","12,012",482,"25,998","6,668",0
13/11/2021,"2,225","3,257",0,"4,599",0,17
10/04/2021,"3,123","4,847",0,"6,049",0,33
26/12/2021,"1,263","2,186",0,"3,243",0,19
13/10/2019,"2,943","4,965",0,"7,552",0,0
01/12/2021,"11,388","6,868",203,"12,338","3,985",83
03/01/2020,"7,397","7,663",107,"10,164",0,0
25/08/2024,"2,387","4,467",0,"6,187",0,23
23/01/2023,"10,852","8,339",258,"14,102",0,64
22/07/2024,"12,878","10,073",322,"17,691",368,77
09/02/2022,"12,354","6,322",142,"11,858","5,729",78
19/08/2023,"4,021","6,110",0,"8,416",0,21
17/07/2020,"7,244","5,395",114,"9,896",0,10
29/10/2023,"2,704","4,952",0,"6,408",0,23
14/07/2024,"2,510","4,364",0,"6,116",0,34
15/03/2023,"17,500","11,811",383,"21,486","5,634",119
20/10/2019,"3,046","4,849",0,"7,014",0,6
02/01/2022,"1,510","1,951",0,"3,136",0,18
23/10/2023,"15,954","10,448",331,"18,810","5,266",65
06/01/2020,"8,773","6,938",236,"12,938",0,0
23/11/2021,"11,289","6,341",167,"11,741","4,457",51
30/03/2021,"16,440","9,534",335,"17,212","5,680",78
10/05/2020,977,"1,193",0,"1,999",0,0
03/12/2021,"11,420","7,405",161,"12,708","3,479",51
28/08/2019,"19,485","12,217",492,"26,363","5,358",0
23/08/2021,"1,905",745,17,"1,758",10,18
12/01/2022,"5,972","3,783",70,"6,911",0,29
08/04/2023,"3,311","5,053",0,"6,769",0,19
13/06/2022,"1,828","3,004",0,"4,246",0,13
21/05/2023,"2,441","4,214",0,"6,279",0,15
13/12/2022,"13,215","9,540",242,"16,023",882,66
14/01/2020,"12,361","9,864",398,"19,326",0,0
18/11/2023,"4,319","6,477",0,"8,941",0,31
27/06/2024,"15,434","9,897",315,"18,010","4,044",74
15/01/2023,"2,192","3,590",0,"5,281",0,19
11/12/2021,"2,880","4,493",0,"5,914",0,26
02/09/2021,"2,126",813,21,"2,127",0,17
29/10/2020,"13,382","6,840",223,"13,813","5,210",68
17/03/2020,"16,698","9,402",395,"22,215","5,750",0
28/01/2023,"3,455","4,915",0,"7,531",0,21
24/06/2020,"9,303","5,605",131,"10,776","4,733",5
23/02/2024,"17,296","11,619",307,"20,097","5,490",100
01/12/2020,"13,219","8,006",270,"13,883","4,467",54
25/07/2023,"16,479","11,744",311,"20,257","4,854",87
26/06/2024,"15,703","10,374",319,"18,275","4,166",82
07/03/2021,"2,365","3,802",0,"4,993",0,18
07/08/2019,"19,435","12,306",414,"26,179","5,776",0
15/01/2020,"12,711","9,628",364,"18,994",0,0
27/05/2022,"13,001","8,735",182,"14,701","2,498",123
12/08/2023,"4,025","6,142",0,"8,473",0,25
12/02/2023,"2,507","4,680",0,"6,310",0,22
29/06/2023,"13,625","9,479",298,"16,902","2,557",65
08/11/2019,"17,838","11,925",372,"24,095","5,345",0
18/01/2021,"10,092","5,056",276,"12,681",0,40
09/11/2023,"15,411","10,537",330,"18,351","4,814",78
28/12/2019,"2,874","4,172",0,"5,745",0,1
13/05/2022,"13,176","8,858",167,"15,019","4,461",71
24/04/2020,"3,340","1,821",41,"4,129",0,2
13/01/2021,"10,052","5,004",219,"12,502",0,46
26/04/2020,756,798,0,"1,416",0,0
21/03/2022,"13,377","7,956",208,"14,689","4,899",75
27/08/2020,"12,319","6,259",165,"11,917","4,962",55
05/07/2022,"9,438","7,927",213,"12,931",0,27
07/02/2021,"2,211","3,647",0,"4,879",0,28
07/08/2021,"3,098","4,506",0,"6,145",0,33
11/02/2022,"12,311","7,163",114,"12,151","5,266",64
15/03/2024,"18,107","12,032",298,"20,985","5,945",124
28/05/2020,"7,933","3,671",91,"8,221","3,882",1
10/10/2021,602,611,0,"1,228",0,8
04/09/2023,"15,376","10,187",332,"18,262","4,847",60
08/03/2022,"13,366","7,524",212,"14,318","5,319",89
08/09/2023,"14,429","10,162",240,"17,486","4,327",63
05/08/2022,"11,957","8,944",147,"14,679","1,355",58
12/03/2023,"2,607","5,029",0,"7,004",0,14
04/09/2022,"2,078","3,802",0,"5,329",0,21
27/01/2024,"4,095","6,110",0,"8,694",0,21
09/05/2020,"1,245","1,415",0,"2,362",0,0
30/09/2021,"2,351",983,18,"2,344",0,29
13/03/2022,"2,028","3,748",0,"5,191",0,21
24/09/2019,"19,105","12,898",479,"25,750","5,437",0
13/04/2020,747,664,0,"1,292",0,1
03/02/2020,"15,704","10,860",361,"22,332","1,158",0
16/12/2022,"12,338","9,598",175,"15,433",409,60
12/01/2023,"10,638","7,976",212,"13,777",0,69
29/09/2023,"11,992","11,516",235,"17,648",0,69
18/04/2021,"2,065","3,290",0,"4,619",0,30
08/05/2020,"4,052","2,305",58,"4,977",117,2
04/05/2023,"16,502","11,026",351,"19,604","5,281",91
18/09/2024,"16,776","11,300",383,"20,242","4,401",72
20/11/2019,"18,444","11,645",476,"24,190","5,700",1
18/06/2022,"2,948","4,648",0,"6,328",0,28
23/10/2022,"2,191","3,992",0,"5,284",0,9
07/11/2022,"13,382","8,603",257,"15,154","3,988",75
05/10/2021,"2,619","1,085",26,"2,647",0,22
05/04/2022,"14,132","8,463",285,"15,602","5,037",50
05/10/2020,"1,939","2,908",0,"4,165",0,23
08/11/2020,"1,897","2,846",0,"4,312",0,16
29/05/2021,"3,113","4,730",0,"6,304",0,28
24/12/2022,"2,789","3,713",0,"5,451",0,8
03/11/2020,"13,524","7,172",237,"13,918","5,160",66
17/04/2020,"3,181","2,355",56,"3,768",0,2
13/01/2020,"12,003","9,268",361,"18,173",0,0
22/03/2023,"17,377","11,267",365,"20,932","5,406",87
11/04/2024,"17,427","10,766",339,"20,120","5,269",81
03/09/2021,"2,269",897,20,"2,263",0,20
07/11/2023,"16,539","10,869",316,"19,710","5,143",66
15/04/2021,"11,963","8,963",296,"15,793",0,61
30/11/2021,"11,367","6,862",195,"12,653","4,084",48
09/10/2020,"9,448","6,380",191,"11,243",0,33
12/06/2021,"3,055","4,445",0,"6,054",0,23
19/12/2019,"14,879","10,504",358,"20,172",716,0
06/06/2022,"12,330","7,863",222,"13,727","4,404",49
12/07/2021,"14,136","8,295",268,"15,328","2,467",50
12/05/2020,"4,114","2,283",66,"5,166",893,0
20/11/2020,"13,285","8,413",188,"14,184","4,534",42
18/02/2021,"16,578","8,948",294,"17,583","5,881",109
23/07/2019,"19,392","12,180",461,"25,344","5,935",0
03/06/2021,"14,430","8,241",309,"15,403","5,020",66
19/04/2023,"12,722","10,390",357,"18,357",0,84
26/04/2023,"17,301","11,169",358,"20,868","5,566",94
05/01/2020,"1,451","2,165",0,"2,735",0,0
01/09/2023,"15,896","11,184",276,"19,307","4,443",67
07/06/2023,"16,016","10,469",398,"18,380","4,793",76
23/05/2020,"1,433","1,824",0,"3,077",0,0
30/07/2019,"19,887","12,553",457,"25,617","5,765",15
04/06/2021,"16,028","9,564",247,"16,553","5,433",57
01/08/2019,"19,950","12,601",459,"25,864","5,754",1
28/05/2022,"2,855","4,303",0,"6,034",0,11
30/08/2021,"1,996",729,22,"1,984",0,16
09/11/2021,"10,671","5,459",143,"10,233","4,732",38
17/06/2020,"9,614","5,065",136,"10,446","4,838",4
09/05/2022,"13,333","8,416",261,"14,670","4,528",53
05/06/2022,"1,704","2,837",0,"4,354",0,12
14/04/2022,"9,845","7,470",173,"12,618",0,83
06/10/2023,"12,318","10,541",260,"17,366",0,61
30/01/2024,"14,620","9,978",369,"17,664",170,72
08/01/2020,"10,981","8,488",331,"16,238",0,0
22/06/2024,"4,768","5,618",0,"8,056",1,24
22/08/2020,"2,036","2,846",0,"4,520",0,15
13/11/2023,"3,406","12,088",50,"5,273","1,124",22
01/06/2023,"15,850","10,345",334,"18,390","4,821",91
02/05/2020,"1,081","1,148",0,"2,062",0,2
20/02/2023,"16,230","11,061",334,"19,905","5,439",72
11/06/2022,"2,802","4,292",0,"5,975",0,22
19/10/2023,"16,900","11,259",308,"19,761","5,074",102
04/08/2019,"3,792","4,595",0,"6,009",0,0
09/02/2020,"2,536","3,509",0,"5,396",0,0
25/02/2020,"21,059","13,128",529,"28,340","6,634",0
03/03/2023,"16,583","11,200",269,"19,885","5,013",77
10/08/2021,"16,088","9,447",300,"17,588","5,489",71
21/09/2019,"4,555","5,740",0,"7,260",0,0
23/12/2023,"3,836","4,871",0,"6,909",0,19
15/08/2020,"2,083","3,221",0,"4,659",0,16
22/11/2021,"10,505","5,865",168,"11,053","4,531",33
23/08/2022,"12,873","8,272",222,"14,776","4,148",52
10/07/2023,"10,806","8,737",302,"15,269",0,60
17/09/2024,"17,080","11,374",349,"20,551","4,878",80
18/03/2020,"16,175","8,571",328,"20,475","5,959",0
21/07/2022,"12,698","7,583",188,"14,168","4,564",61
21/01/2022,"6,639","4,430",62,"7,920",0,43
04/03/2022,"13,944","8,003",170,"14,636","5,217",115
10/07/2021,"2,855","4,626",0,"6,007",0,21
15/02/2020,"3,686","5,603",0,"8,089",0,0
27/05/2023,"3,704","5,533",0,"7,544",0,12
10/12/2021,"10,141","6,917",141,"11,752","1,883",41
03/06/2023,"3,689","5,536",0,"7,573",4,21
05/09/2022,"13,358","8,597",246,"14,853","4,479",81
20/06/2023,"14,437","10,093",376,"17,790","4,252",92
04/12/2023,"14,820","10,167",354,"17,748","3,425",51
26/09/2019,"19,068","12,320",455,"25,835","5,310",0
18/01/2022,"5,810","3,703",84,"6,896",0,37
27/10/2021,"7,748","3,515",73,"7,175","2,000",34
07/05/2022,"2,957","4,761",0,"6,214",0,18
31/12/2022,"2,897","4,459",0,"5,731",0,22
04/04/2023,"16,922","10,937",340,"19,485","5,398",79
27/12/2020,"1,759","2,932",0,"3,913",0,15
04/08/2023,"16,092","11,230",255,"19,419","4,695",78
01/10/2021,"2,593","1,101",19,"2,575",0,21
14/09/2023,"16,073","10,802",317,"19,564","4,777",106
29/09/2021,"2,086",878,20,"2,167",0,22
06/06/2021,"2,077","3,303",0,"4,665",0,20
30/01/2023,"10,872","8,496",226,"14,615",483,48
24/10/2019,"19,204","12,628",450,"26,299","5,688",0
24/01/2022,"6,584","4,094",113,"7,577",0,45
19/09/2021,570,549,0,"1,014",0,13
05/06/2020,"9,189","4,962",95,"10,034","4,688",0
18/04/2024,"13,905","10,973",361,"19,198",0,77
21/08/2024,"17,117","11,370",351,"21,000","4,757",102
30/04/2020,"2,989","1,640",60,"3,682",86,0
11/07/2024,"12,010","9,618",325,"16,433",0,79
01/11/2020,"2,082","2,560",0,"4,260",0,22
16/03/2022,"14,079","8,440",267,"15,871","5,085",137
29/11/2022,"14,534","9,800",249,"16,362","3,665",50
11/10/2023,"17,232","11,611",354,"21,004","5,297",84
03/02/2024,"4,324","5,584",0,"8,276",0,19
23/11/2019,"3,819","8,161",0,"9,533",0,115
07/12/2020,"13,012","7,713",214,"13,917","3,705",42
05/03/2022,"2,941","4,142",0,"6,034",0,11
14/08/2019,"18,996","12,111",477,"26,214","5,567",0
23/06/2024,"2,736","4,271",0,"6,258",0,29
12/07/2024,"11,361","9,231",220,"15,268",0,63
13/08/2021,"2,339","1,214",16,"2,474",9,11
13/04/2022,"9,915","7,671",235,"13,210",0,58
10/03/2021,"16,721","9,261",353,"18,172","5,784",70
15/01/2024,"11,249","8,376",332,"14,407",0,49
29/09/2022,"11,123","9,207",202,"15,486",0,57
29/03/2022,"13,418","8,535",255,"15,308","4,970",57
22/06/2022,"12,441","8,744",227,"14,611","3,798",55
16/10/2020,"12,902","7,135",192,"13,176","5,127",37
03/09/2022,"3,400","5,289",0,"7,369",0,24
23/06/2020,"9,044","5,188",158,"10,514","4,819",6
06/09/2020,"1,687","2,709",0,"3,998",0,10
03/01/2021,"1,509","2,415",0,"3,241",0,13
08/02/2021,"15,767","8,629",276,"15,967","6,561",59
11/02/2024,"2,819","4,822",0,"6,914",0,13
29/07/2019,"18,743","11,530",408,"24,273","5,962",13
25/05/2022,"13,683","9,034",234,"15,536","4,531",54
02/08/2020,"1,733","2,489",0,"3,663",0,22
01/07/2021,"10,114","7,269",267,"12,813",0,56
12/08/2022,"13,072","8,453",152,"14,451","4,094",44
18/06/2024,"16,395","10,312",346,"18,537","4,893",71
22/01/2023,"2,196","3,969",0,"5,130",0,13
28/08/2020,"12,135","6,702",163,"12,374","4,381",59
19/05/2022,"13,710","8,879",269,"15,691","4,375",71
10/02/2022,"12,567","6,327",128,"11,990","5,629",61
19/11/2019,"18,567","11,812",491,"24,402","5,733",0
16/12/2021,"11,175","7,493",197,"13,145",756,63
07/11/2021,"1,474","2,342",0,"3,389",0,16
19/05/2021,"16,548","9,492",323,"17,840","5,307",65
18/07/2022,"12,338","7,825",198,"13,925","2,244",54
11/06/2023,"2,543","4,608",0,"6,010",0,20
25/01/2021,"8,323","5,489",144,"9,855",0,37
26/08/2019,"18,395","11,678",403,"24,636","5,465",0
07/07/2024,"2,465","4,161",0,"5,987",0,27
31/03/2021,"16,718","9,942",294,"18,162","5,493",161
29/02/2020,"3,954","9,259",0,"10,078",0,2
27/07/2022,"13,714","7,700",227,"15,424","4,499",60
18/03/2023,"4,108","6,610",0,"9,131",0,14
24/08/2023,"16,419","11,475",344,"20,303","4,587",105
21/04/2023,"11,993","9,988",254,"16,913",0,72
24/06/2024,"14,879","9,397",322,"17,133","4,438",95
03/10/2020,"2,448","3,993",0,"5,499",0,23
01/02/2020,"3,026","4,498",0,"6,305",0,33
05/01/2022,"5,643","3,514",49,"6,297",0,40
19/11/2020,"13,991","7,885",244,"14,789","4,725",39
15/08/2023,"16,373","11,618",369,"21,095","4,738",89
14/10/2019,"18,081","11,873",410,"24,562","5,797",0
05/08/2023,"4,155","6,994",0,"8,851",0,22
05/04/2024,"15,674","9,502",289,"17,610","5,192",95
21/07/2019,"4,045","4,739",0,"6,000",0,0
12/09/2019,"18,465","11,622",438,"24,108","5,712",0
01/06/2021,"16,356","9,283",324,"17,202","5,675",64
27/10/2023,"16,154","10,881",235,"18,718","4,686",85
14/06/2020,"1,386","2,106",0,"3,074",0,3
25/11/2020,"13,693","8,078",283,"14,925","4,722",74
25/08/2021,"2,035",720,23,"1,846",0,12
16/01/2024,"11,999","9,403",363,"15,236",0,73
28/04/2023,"16,250","10,883",287,"19,003","5,330",110
05/06/2024,"16,822","10,454",367,"18,771","5,006",75
02/07/2023,"2,388","4,198",0,"6,399",0,58
03/12/2023,"2,808","4,708",0,"6,475",0,21
13/02/2022,"2,005","2,887",0,"4,341",0,31
06/11/2021,"2,250","3,419",0,"4,524",0,35
10/09/2023,"2,654","4,737",0,"6,379",0,68
14/05/2021,"16,262","9,740",226,"17,216","5,391",82
11/05/2023,"16,353","10,707",334,"19,483","4,807",102
02/12/2023,"4,082","6,050",0,"8,568",0,24
06/09/2021,"2,147",864,27,"2,153",0,25
24/12/2020,"6,332","4,990",35,"7,565",0,41
09/07/2023,"2,186","4,229",0,"5,843",0,24
09/08/2024,"16,200","10,787",244,"18,997","4,777",62
12/12/2021,"2,015","3,304",0,"4,498",0,26
12/09/2024,"16,107","10,283",365,"18,880","4,627",78
01/02/2023,"16,147","10,628",334,"18,877","5,774",59
27/11/2023,"15,215","10,129",380,"17,883","4,383",67
31/08/2022,"14,360","8,657",233,"16,306","4,217",62
28/06/2020,"1,614","2,777",0,"3,759",0,1
05/05/2022,"14,014","8,862",254,"16,040","4,773",72
01/07/2020,"9,067","5,832",140,"10,841","3,578",3
04/04/2022,"13,714","7,935",266,"14,466","4,936",48
08/09/2019,"3,782","4,743",0,"5,886",0,0
11/03/2020,"20,182","12,363",491,"27,319","6,426",45
10/10/2022,"14,114","9,377",254,"16,357","3,943",134
04/01/2020,"2,177","5,018",0,"4,315",0,0
10/08/2020,"11,596","5,647",170,"11,223","5,176",58
03/11/2019,"2,642","3,748",0,"5,713",0,0
04/06/2024,"17,080","10,948",342,"19,202","5,177",70
23/03/2022,"14,095","8,541",232,"15,849","4,697",54
06/08/2021,"15,595","9,565",244,"16,451","5,047",64
05/04/2021,"2,153","3,185",0,"4,369",0,17
24/04/2021,"3,190","4,487",0,"6,112",0,16
29/11/2019,"17,761","12,660",317,"24,355","4,542",0
14/03/2021,"1,760","1,703",0,"4,112",0,12
31/01/2024,"16,769","10,269",368,"18,505","2,300",71
13/06/2023,"14,893","10,108",390,"17,550","4,643",66
22/03/2020,"1,893","2,252",0,"3,890",0,0
02/09/2020,"12,087","6,195",174,"12,014","5,165",55
21/03/2020,"2,670","3,272",0,"5,531",0,0
17/11/2019,"2,914","4,519",0,"6,777",0,0
12/11/2023,"2,788","4,381",0,"6,498",0,24
13/05/2021,"16,541","9,724",311,"18,003","5,426",108
06/10/2019,"2,992","5,583",0,"7,530",0,0
21/11/2023,"15,993","10,937",357,"18,900","4,914",92
10/04/2024,"17,754","11,095",413,"19,694","5,391",88
11/04/2022,"9,488","7,256",253,"12,413",0,40
14/10/2022,"14,044","9,443",185,"16,075","4,122",109
04/03/2024,"18,405","11,455",393,"20,885","5,932",88
07/01/2022,"5,292","4,167",51,"6,005",0,38
21/01/2021,"10,496","5,460",236,"13,303",0,45
07/03/2022,"13,340","7,215",191,"13,970","5,386",47
03/12/2019,"17,741","11,575",486,"23,387","5,010",1
06/12/2023,"15,000","10,888",365,"18,112","2,584",63
27/02/2024,"19,318","12,323",377,"22,592","6,007",126
18/12/2021,"2,820","4,036",0,"5,516",0,17
18/05/2024,"4,792","6,039",0,"8,107",0,15
09/02/2024,"17,712","11,308",257,"19,452","6,174",100
07/04/2020,"2,951","1,519",47,"3,497",33,1
26/10/2021,"7,511","3,291",77,"6,912","2,041",61
18/07/2023,"15,884","10,685",367,"18,317","4,883",95
26/08/2022,"13,561","9,302",177,"15,288","4,191",53
30/06/2020,"8,961","5,466",151,"11,014","3,555",7
19/01/2022,"6,419","4,160",81,"7,608",0,39
20/11/2021,"2,440","3,756",0,"4,993",0,26
14/12/2022,"12,828","9,451",277,"15,889",679,70
23/08/2019,"18,614","12,644",384,"25,079","5,224",0
11/07/2023,"11,689","9,680",309,"16,250",0,49
30/12/2023,"3,580","4,356",0,"6,425",0,18
27/08/2022,"3,181","5,651",0,"7,180",0,8
06/12/2022,"14,281","9,948",269,"16,941","2,811",42
29/12/2021,"4,248","2,987",12,"4,744",0,31
04/08/2024,"2,670","4,615",0,"6,727",0,13
27/04/2020,947,892,0,"1,569",0,0
25/11/2021,"10,397","6,065",134,"11,144","4,115",38
03/11/2021,"10,321","5,114",122,"9,626","4,910",51
03/08/2019,"5,447","7,090",0,"7,922",0,0
26/03/2020,"4,003","2,449",133,"5,846",108,0
11/03/2021,"16,764","9,151",280,"17,836","5,839",99
21/09/2022,"14,071","9,746",221,"15,947","4,199",50
26/05/2021,"16,451","9,619",347,"17,927","5,171",65
28/10/2019,"17,730","11,484",436,"24,233","5,704",0
23/09/2021,"2,369",989,24,"2,407",0,23
10/03/2023,"16,384","11,381",238,"20,144","4,708",72
24/06/2022,"12,099","7,798",177,"13,846","2,940",57
14/02/2022,"12,202","6,435",143,"11,899","5,591",59
20/05/2024,"17,048","10,892",350,"18,756","5,162",66
12/05/2023,"15,799","11,026",256,"18,641","4,859",83
08/08/2024,"16,928","11,291",304,"20,763","5,036",101
28/10/2021,"7,872","3,510",78,"7,119","2,116",63
27/08/2023,"2,718","4,322",0,"6,499",0,51
26/12/2020,"1,910","3,759",0,"4,918",0,21
18/09/2020,"12,513","6,712",161,"12,778","4,808",46
02/10/2022,"2,252","4,891",0,"6,560",0,15
19/02/2021,"15,799","9,347",215,"16,832","5,684",43
29/03/2020,706,889,0,"1,468",0,2
20/12/2023,"10,974","7,946",265,"14,248",0,58
28/06/2024,"14,974","9,894",232,"17,648","3,816",65
04/08/2020,"11,694","5,756",167,"11,698","5,384",42
27/09/2020,"1,810","2,725",0,"4,055",0,27
20/07/2020,"10,779","5,642",160,"10,635","4,314",65
17/12/2022,"3,708","5,759",0,"7,436",0,33
03/10/2019,"15,089","12,660",426,"24,221",0,1
18/04/2023,"12,530","10,259",378,"18,402",0,71
11/07/2021,"1,966","3,213",0,"4,514",0,11
15/07/2019,"12,743","9,704",370,"19,481",0,2
10/03/2020,"20,171","12,442",493,"27,226","6,571",35
27/09/2021,"2,431","1,046",20,"2,326",0,27
20/09/2019,"20,009","14,789",403,"27,732","5,099",0
26/10/2020,"11,342","5,503",239,"11,623","4,938",37
06/12/2020,"2,094","3,260",0,"4,717",0,15
14/08/2020,"11,722","6,337",157,"11,965","4,892",49
23/11/2022,"14,492","9,646",266,"16,659","3,916",176
13/08/2023,"2,448","4,337",0,"5,949",0,23
29/10/2021,"8,319","4,023",71,"8,072","2,024",42
03/03/2021,"16,892","9,733",320,"18,152","5,769",85
21/01/2024,"2,618","4,153",0,"5,880",0,18
18/01/2020,"3,186","5,064",0,"7,001",0,0
20/10/2020,"13,325","6,968",273,"13,565","5,488",47
04/03/2023,"4,103","6,483",0,"9,145",13,22
18/03/2024,"18,155","11,450",392,"20,665","5,971",123
05/03/2020,"18,722","11,596",445,"25,349","5,945",76
10/09/2019,"18,814","11,527",498,"24,134","5,922",0
28/08/2023,"15,475","10,479",371,"18,701","4,730",70
06/02/2024,"18,520","11,127",379,"20,624","6,550",77
02/11/2019,"3,898","6,625",0,"9,358",0,3
19/10/2019,"3,857","6,066",0,"8,963",0,0
30/09/2020,"8,962","5,841",190,"10,557",0,30
27/08/2024,"17,301","11,173",351,"20,921","5,004",65
11/04/2021,"2,086","3,431",0,"4,734",0,22
07/12/2021,"11,101","7,148",214,"12,939","3,347",42
22/09/2019,"4,126","5,234",0,"7,066",0,0
31/10/2020,"2,453","2,544",0,"4,521",0,14
09/03/2022,"13,929","8,144",209,"15,109","5,254",63
27/06/2023,"13,366","9,859",357,"17,289","2,837",71
03/01/2022,"1,633","2,026",0,"3,206",0,18
10/06/2024,"2,506","4,139",0,"6,115",0,15
30/04/2022,"2,947","4,949",0,"6,182",0,17
24/09/2023,"2,693","5,301",0,"7,276",0,31
16/12/2023,"4,165","6,135",0,"8,411",0,14
31/10/2022,"12,206","7,602",223,"13,638","3,631",39
17/12/2019,"15,744","10,793",420,"21,636","1,162",0
30/01/2020,"14,100","10,587",362,"21,046",0,0
11/08/2022,"13,507","8,622",196,"15,511","4,108",71
19/09/2020,"2,534","4,020",0,"5,720",0,19
12/11/2022,"3,516","5,607",0,"7,747",0,22
30/10/2023,"15,786","9,942",302,"17,728","5,207",59
16/10/2021,"1,353","1,671",0,"2,504",0,12
27/03/2020,"3,998","2,298",106,"5,544",97,1
02/07/2020,"8,635","5,435",137,"10,678","3,290",3
23/05/2022,"12,914","8,289",216,"14,440","4,420",42
09/04/2022,"3,084","4,630",0,"6,502",0,30
02/09/2019,"18,055","10,993",417,"23,455","5,830",0
14/07/2023,"11,554","9,883",225,"15,609",0,67
21/08/2019,"19,447","12,102",472,"26,048","5,656",0
19/01/2024,"11,979","9,532",259,"15,004",0,76
09/03/2021,"16,823","9,430",340,"17,491","5,870",93
20/08/2024,"17,315","11,245",356,"20,639","4,842",73
16/09/2024,"15,520","10,326",317,"18,804","4,726",66
01/11/2022,"13,821","8,648",209,"15,268","4,045",59
08/10/2019,"13,860","10,799",417,"22,073",0,0
09/07/2019,"13,835","10,550",455,"19,862",0,1
21/03/2023,"17,106","11,542",373,"20,971","5,703",72
07/10/2022,"9,081","7,982",176,"12,660",0,52
13/02/2020,"20,387","11,609",499,"26,610","6,766",1
04/07/2021,"1,856","2,895",0,"4,146",0,35
23/09/2019,"18,224","11,833",469,"24,440","5,626",0
21/02/2022,"12,663","6,651",143,"12,389","5,514",50
28/12/2020,"2,091","3,086",0,"4,440",0,17
07/10/2021,"2,691","1,217",20,"2,926",0,27
02/05/2022,"13,602","8,231",262,"15,038","4,737",65
08/11/2023,"16,467","11,024",362,"19,855","4,996",76
11/10/2022,"14,689","9,787",245,"17,261","4,652",78
06/05/2023,"3,845","6,139",0,"8,120",0,20
15/10/2022,"3,635","5,750",0,"8,070",0,11
19/06/2023,"13,656","9,160",348,"16,289","4,443",71
28/03/2023,"16,337","10,720",385,"20,215","5,432",69
10/02/2021,"16,511","9,238",315,"17,184","6,441",74
01/12/2019,"2,713","4,356",0,"6,532",0,3
16/07/2019,"14,025","10,434",421,"20,592",0,0
04/10/2021,730,660,0,"1,393",0,12
06/05/2021,"16,818","9,674",315,"17,926","5,465",90
20/03/2022,"2,006","3,196",0,"4,803",0,7
24/11/2019,"2,913","4,271",0,"6,681",0,4
19/04/2021,"15,767","8,983",333,"16,782","3,577",51
25/10/2020,"1,865","2,403",0,"3,787",0,9
19/12/2023,"11,172","8,393",285,"14,440",0,55
25/02/2024,"2,958","5,864",0,"7,136",0,9
06/07/2020,"6,629","5,009",137,"9,443",0,3
25/02/2022,"12,510","6,966",134,"12,570","5,326",69
26/04/2022,"14,074","8,797",238,"15,608","2,913",63
14/10/2021,"2,589","1,082",24,"2,718",0,23
30/05/2023,"15,801","10,513",376,"18,686","4,865",63
06/09/2023,"16,283","10,969",407,"20,143","4,696",81
14/11/2020,"2,876","4,782",0,"6,061",0,18
10/02/2023,"16,131","11,455",255,"18,920","5,366",118
22/07/2022,"12,742","8,300",162,"14,332","4,422",65
23/11/2023,"15,893","10,650",317,"18,928","4,526",77
18/11/2020,"13,637","8,032",266,"14,649","4,795",63
02/01/2023,"2,239","2,842",0,"4,541",0,16
15/10/2019,"19,198","12,750",456,"25,968","6,037",1
10/09/2022,"3,258","5,942",0,"7,065",0,23
14/09/2019,"5,306","7,540",0,"8,618",4,0
29/05/2020,"7,908","3,986",89,"8,407","3,767",1
17/11/2021,"11,074","6,058",153,"11,305","4,574",42
05/12/2023,"15,170","10,810",362,"18,459","3,042",66
10/11/2020,"13,657","7,540",230,"14,231","4,841",59
22/05/2023,"15,536","10,275",386,"18,284","4,902",61
30/04/2021,"16,507","9,949",246,"17,759","5,540",69
15/09/2021,"2,344",913,21,"2,280",0,21
10/03/2024,"3,088","5,647",0,"7,775",0,18
23/06/2021,"14,881","9,455",314,"16,610","4,174",70
30/10/2020,"13,472","6,242",186,"13,757","4,943",53
16/01/2021,"2,705","2,715",0,"5,439",0,29
25/06/2020,"9,583","5,703",121,"10,705","4,585",4
06/03/2023,"16,371","11,064",366,"19,576","5,550",101
10/11/2022,"15,156","9,612",246,"16,799","4,229",91
27/01/2023,"10,366","7,877",154,"13,248",0,54
28/11/2023,"14,519","9,879",343,"17,483","4,296",65
08/06/2024,"4,825","6,848",0,"8,536",0,19
26/03/2024,"18,587","12,238",426,"21,575","5,442",96
26/02/2022,"2,856","5,034",0,"5,933",0,17
27/07/2019,"5,383","6,522",0,"8,231",0,1
17/07/2024,"12,194","9,821",365,"16,383",0,73
23/04/2021,"16,420","9,626",267,"16,969","5,811",75
13/07/2022,"9,529","7,873",226,"12,933",0,48
08/01/2024,"9,753","7,324",248,"12,716",0,59
01/01/2024,"1,481","2,740",0,"3,308",0,6
27/04/2022,"14,299","8,797",252,"15,723","5,160",92
26/10/2019,"3,731","6,849",0,"8,449",0,102
17/05/2022,"13,979","9,047",284,"15,836","4,485",56
09/09/2024,"16,056","9,812",344,"17,921","4,797",84
01/07/2024,"14,040","9,241",319,"16,658","3,016",56
16/06/2022,"12,723","8,434",238,"14,196","4,010",42
15/08/2024,"17,446","11,231",321,"20,844","4,524",91
29/05/2022,"2,049","3,591",0,"4,969",0,16
21/06/2021,"14,587","8,914",304,"16,243","4,295",53
06/11/2023,"15,943","10,252",336,"18,670","5,186",61
23/03/2023,"15,800","10,808",345,"19,233","5,413",100
15/09/2022,"13,245","8,425",173,"15,225","4,270",56
27/10/2020,"13,366","6,594",249,"13,389","5,398",40
17/03/2023,"16,931","11,798",294,"19,999","5,299",105
11/01/2022,"5,879","3,545",75,"6,608",0,27
24/02/2022,"13,206","7,039",138,"13,205","5,581",140
25/07/2024,"17,242","10,997",312,"19,596","5,499",85
02/08/2022,"14,063","8,847",241,"15,540","4,633",72
04/02/2024,"2,783","4,296",0,"6,135",0,22
17/08/2020,"11,744","5,628",183,"11,068","5,306",39
19/06/2022,"1,973","3,308",0,"5,036",0,19
09/09/2019,"17,892","10,847",458,"22,891","5,813",0
07/03/2020,"3,971","6,162",0,"9,552",0,0
03/01/2023,"8,061","5,998",100,"10,227",0,45
23/04/2023,"2,498","6,572",0,"6,513",0,14
27/02/2021,"3,369","5,149",0,"6,554",0,24
28/02/2021,"2,148","3,430",0,"4,932",0,24
20/10/2021,"5,259","2,318",58,"5,027",0,41
20/12/2019,"13,149","10,032",259,"18,341",44,0
16/09/2020,"12,778","6,549",195,"12,682","5,075",49
20/09/2023,"16,498","11,686",368,"20,735","4,701",69
06/08/2024,"17,690","11,279",375,"21,424","5,094",85
17/10/2023,"17,365","11,255",378,"20,596","5,139",105
06/12/2021,"10,902","6,586",194,"11,920","3,265",45
13/05/2024,"17,108","11,047",349,"19,420","5,442",61
04/01/2024,"8,856","7,678",175,"10,983",0,48
21/02/2021,"2,100","3,216",0,"4,417",0,18
03/05/2022,"14,452","8,861",271,"16,091","4,884",64
15/10/2020,"13,560","7,021",227,"13,692","5,380",66
01/08/2021,"1,862","2,799",0,"4,160",0,18
05/02/2022,"2,730","3,889",0,"5,175",0,26
22/08/2021,489,409,0,862,0,5
19/07/2020,"1,507","2,477",0,"3,673",0,10
01/10/2020,"9,632","6,301",197,"11,869",0,45
25/03/2023,"3,687","5,699",0,"7,796",0,11
26/06/2021,"3,170","4,718",0,"6,242",0,17
29/01/2023,"2,226","3,553",0,"5,147",0,21
29/07/2021,"15,846","9,420",270,"16,980","5,534",91
21/08/2021,722,503,0,"1,079",0,6
11/09/2023,"15,265","10,162",346,"18,713","4,823",74
18/04/2022,"1,839","3,064",0,"4,454",0,22
28/11/2022,"12,610","9,002",225,"15,471","2,669",53
05/09/2021,458,456,0,943,0,7
30/06/2023,"12,504","9,633",273,"16,163","2,096",52
25/05/2020,"6,901","3,495",101,"7,501","3,708",1
16/04/2023,"2,234","3,731",0,"5,454",0,18
22/03/2022,"14,014","8,326",254,"15,939","4,914",101
07/01/2023,"3,298","7,452",0,"6,637",0,45
06/10/2020,"8,397","5,496",187,"10,183",0,31
25/04/2021,"1,983","3,378",0,"4,258",0,14
08/02/2024,"19,037","11,559",351,"20,647","6,343",123
25/03/2020,"4,365","2,790",164,"6,563",144,0
22/05/2024,"17,471","11,645",373,"19,880","4,901",96
15/02/2022,"12,650","6,590",157,"12,662","5,542",63
20/05/2020,"6,085","2,890",85,"6,510","2,470",1
20/04/2021,"16,659","9,901",294,"18,151","6,238",100
23/01/2024,"12,497","9,542",356,"15,626",0,64
17/06/2024,"15,884","9,606",368,"17,510","4,938",46
19/08/2021,"1,959",768,21,"1,920",14,13
26/12/2022,"1,996","3,517",0,"5,276",0,10
29/08/2024,"17,267","11,047",306,"20,871","4,774",108
17/08/2021,"2,066",949,20,"2,139",29,14
27/11/2020,"13,588","9,101",183,"15,110","4,155",38
20/08/2023,"2,738","4,605",0,"6,663",0,54
20/08/2021,"2,015",741,9,"1,907",11,13
23/07/2024,"17,269","11,314",367,"20,063","4,988",80
07/08/2022,"2,049","3,796",0,"5,285",0,34
14/04/2021,"11,809","8,649",308,"15,495",0,46
21/03/2024,"18,838","12,491",334,"21,939","5,524",111
02/05/2021,"2,081","3,242",0,"4,977",0,34
25/08/2019,"3,955","4,411",0,"6,228",0,2
10/08/2024,"4,835","6,329",0,"8,639",0,17
02/02/2024,"16,882","10,194",310,"17,639","4,474",77
27/09/2022,"10,341","8,520",227,"14,447",0,60
08/06/2022,"13,434","8,663",254,"14,764","4,138",38
24/01/2020,"13,403","10,476",343,"19,749",0,0
31/05/2023,"15,635","10,279",405,"18,394","4,684",69
12/12/2019,"17,004","11,653",445,"22,538","3,083",0
08/06/2023,"14,391","9,346",296,"16,643","4,691",73
25/04/2023,"2,420","4,047",0,"5,898",0,14
05/11/2023,"2,559","4,430",0,"6,221",0,20
04/01/2021,"7,269","5,337",150,"9,105",0,38
12/02/2022,"2,922","5,166",0,"6,031",0,23
25/09/2019,"18,838","12,958",453,"25,717","5,360",0
04/01/2022,"5,744","3,581",54,"6,655",0,36
03/08/2022,"13,162","8,636",235,"14,960","4,443",67
17/01/2022,"6,047","3,723",82,"7,129",0,32
07/10/2019,"2,870","5,069",0,"6,956",0,2
08/10/2020,"8,654","5,669",212,"10,697",0,35
19/10/2020,"12,986","6,459",209,"12,772","5,319",40
31/08/2020,"11,736","5,810",177,"11,520","5,156",46
24/08/2019,"5,439","6,396",0,"8,283",0,0
26/03/2023,"2,624","4,212",0,"6,383",0,18
27/03/2023,"15,510","10,639",346,"18,806","5,409",71
14/05/2023,"2,212","4,302",0,"6,208",0,18
28/05/2023,"2,215","4,789",0,"5,996",0,16
09/06/2022,"13,407","8,337",226,"14,799","4,397",48
12/08/2024,"16,707","10,417",342,"19,550","5,096",68
23/05/2023,"15,907","10,702",395,"19,183","4,756",62
10/11/2023,"16,397","11,100","1,029","19,102","4,550",81
08/04/2024,"17,352","10,585",382,"19,422","5,555",90
24/04/2022,"2,094","5,283",0,"5,204",0,18
16/04/2020,"3,024","1,577",57,"3,682",0,3
23/04/2022,"2,932","4,614",0,"6,026",0,21
11/11/2019,"17,964","11,548",468,"24,134","5,602",3
06/10/2021,"2,821","1,217",22,"2,837",0,36
18/12/2023,"11,669","8,395",308,"14,960",0,60
01/03/2024,"18,752","11,660",309,"21,585","5,476",99
20/05/2021,"16,343","9,710",310,"17,375","4,823",94
20/12/2020,"2,041","3,529",0,"4,583",0,17
30/05/2024,"17,375","10,726",337,"19,327","5,100",75
14/06/2022,"12,488","8,421",233,"14,413","3,038",43
01/03/2022,"12,288","7,427",192,"13,710","2,193",43
11/08/2024,"2,744","4,452",0,"6,776",0,14
26/11/2023,"2,970","4,847",0,"7,236",0,19
09/12/2022,"13,394","10,098",188,"15,472","1,654",64
19/04/2020,759,"1,113",0,"1,356",0,0
27/04/2021,"16,970","9,766",330,"18,261","5,474",125
20/11/2023,"14,682","9,474",347,"16,823","4,627",43
21/09/2021,"2,229",959,22,"2,294",0,26
13/07/2019,"4,606","5,185",0,"6,327",0,2
08/07/2021,"10,843","8,201",270,"14,035",0,43
09/09/2023,"3,776","6,678",0,"8,247",0,20
15/11/2019,"18,462","12,418",370,"24,410","5,472",0
01/08/2023,"16,569","11,912",375,"21,015","4,888",82
25/03/2024,"17,817","11,318",364,"20,230","5,814",86
14/02/2023,"16,964","11,844",363,"20,612","5,803",80
04/10/2023,"11,306","9,133",332,"16,024",0,64
30/12/2020,"5,375","3,985",13,"6,117",0,32
22/04/2022,"9,307","7,546",160,"12,607",0,50
25/07/2019,"19,619","12,257",432,"25,284","5,845",0
11/10/2021,"2,778","1,205",29,"2,729",0,20
18/02/2020,"20,617","12,733",485,"27,552","6,853",0
04/11/2020,"13,690","6,768",249,"13,685","5,116",40
23/04/2020,"3,230","1,786",39,"3,819",0,1
24/10/2020,"2,428","3,154",0,"4,663",0,12
01/11/2021,"9,291","4,575",106,"8,821","4,650",64
28/04/2024,"2,772","4,672",0,"7,003",0,28
22/02/2024,"18,749","12,163",385,"21,933","5,793",94
02/09/2024,"15,543","9,467",337,"17,910","4,967",78
17/02/2024,"5,362","10,710",0,"11,523",0,26
19/06/2021,"3,205","4,629",0,"6,330",0,18
17/10/2019,"19,049","12,391",417,"25,990","5,640",0
14/01/2023,"3,478","5,057",0,"7,041",0,15
15/07/2023,"3,798","5,925",0,"8,036",0,17
03/05/2024,"17,605","11,511",271,"19,880","5,560",61
01/07/2022,"10,111","7,288",160,"12,247","1,399",45
22/12/2023,"10,210","8,151",103,"12,763",0,54
06/12/2019,"17,380","12,626",361,"23,119","4,200",0
01/12/2023,"14,811","10,733",253,"17,504","3,629",73
14/06/2023,"15,556","10,578",355,"18,604","4,687",90
03/06/2020,"9,018","4,463",128,"9,384","4,892",0
24/07/2022,"2,133","3,897",0,"5,351",0,13
10/05/2023,"16,416","11,133",397,"19,592","4,878",78
23/08/2023,"16,494","11,475",418,"20,848","4,581",87
17/08/2019,"5,506","6,583",0,"7,922",0,0
31/07/2021,"3,059","4,355",0,"6,004",0,28
21/11/2022,"12,993","8,862",264,"15,055","3,993",72
11/07/2022,"8,989","7,192",217,"12,152",0,46
25/01/2020,"3,481","5,494",0,"6,976",0,0
21/12/2022,"10,564","7,884",197,"13,303",0,68
06/02/2021,"2,767","4,138",0,"5,742",0,32
09/08/2022,"14,080","9,091",207,"16,697","4,651",65
08/05/2023,"15,421","10,329",364,"18,340","5,228",49
15/12/2022,"12,969","9,599",215,"16,001",695,59
14/09/2022,"14,148","9,183",252,"16,085","4,377",78
05/08/2024,"16,357","10,340",357,"18,935","4,791",64
06/07/2024,"4,594","5,572",0,"7,574",0,16
04/12/2021,"2,878","4,304",0,"5,796",0,18
21/06/2023,"14,311","10,246",359,"17,588","4,011",87
09/10/2019,"14,754","12,048",434,"23,526",0,0
31/03/2020,"3,064","1,708",64,"3,871",49,0
19/10/2021,"4,930","2,240",53,"4,649",0,21
07/05/2021,"16,324","9,909",264,"17,623","5,391",66
02/08/2019,"18,953","12,744",340,"25,010","5,738",0
01/08/2022,"12,972","8,081",230,"14,630","3,938",53
01/01/2020,"1,325","2,312",0,"2,586",0,1
24/05/2022,"14,029","9,022",242,"15,715","3,905",75
19/07/2019,"13,846","11,150",325,"20,012",0,0
25/01/2022,"6,884","4,342",105,"7,925",0,49
20/08/2020,"10,797","5,938",158,"11,319","1,939",55
24/03/2021,"16,871","9,638",336,"18,181","5,814",84
06/09/2024,"15,948","10,009",258,"18,097","4,621",71
01/09/2019,"3,761","4,682",0,"5,936",0,0
08/07/2020,"7,017","5,230",139,"9,859",0,3
31/05/2022,"12,985","7,786",261,"14,379","4,274",57
20/03/2020,"14,877","7,872",262,"17,962","5,398",0
24/09/2022,"3,197","5,557",0,"6,828",0,10
21/07/2024,"2,811","4,740",0,"7,136",0,19
30/06/2024,"2,479","3,985",0,"6,334",0,15
31/08/2023,"16,478","11,316",294,"20,284","4,801",86
02/10/2020,"9,099","6,465",153,"11,136",0,49
04/03/2021,"16,920","9,332",304,"17,909","5,813",76
30/03/2024,"3,889","6,348",0,"8,231",0,20
13/09/2020,"1,898","2,522",0,"3,907",0,14
05/12/2019,"17,696","11,515",409,"23,119","4,603",0
01/06/2022,"13,412","8,458",243,"14,828","4,518",78
12/06/2020,"9,550","5,044",100,"10,276","4,876",2
17/01/2021,"1,974","1,898",0,"4,229",0,15
08/04/2020,"2,968","1,516",65,"3,449",51,0
03/05/2023,"16,117","10,940",417,"19,717","5,204",82
03/07/2023,"10,990","9,004",323,"15,119",0,61
05/08/2019,"18,527","11,891",453,"24,856","5,978",0
17/02/2022,"13,057","6,728",149,"12,883","5,477",80
11/12/2023,"13,863","9,607",347,"16,725","1,032",50
22/11/2020,"1,902","3,027",0,"4,360",0,23
31/12/2021,"4,379","3,044",17,"5,077",0,12
23/12/2020,"8,512","6,393",152,"10,362",0,87
21/02/2023,"16,095","10,856",326,"20,261","4,967",69
20/04/2023,"12,443","10,295",328,"17,890",0,80
13/01/2022,"6,164","3,667",79,"6,893",0,30
22/02/2022,"13,219","6,963",171,"13,410","5,472",69
26/05/2024,"2,791","4,820",0,"6,383",0,23
15/09/2020,"12,547","6,439",200,"12,671","5,124",95
21/04/2022,"9,704","7,564",221,"13,175",0,49
30/03/2022,"13,667","8,693",261,"15,187","5,042",80
07/07/2021,"10,892","7,901",285,"13,678",0,52
29/08/2021,463,375,0,821,0,9
05/07/2023,"11,548","9,408",358,"15,663",0,53
13/03/2024,"19,027","12,400",389,"22,245","6,246",86
23/07/2021,"14,234","8,392",207,"14,986","5,025",56
08/01/2022,"2,193","4,014",0,"4,242",0,21
08/10/2021,"2,896","1,233",21,"2,944",0,17
04/07/2020,"1,981","3,575",0,"4,978",0,4
15/06/2020,"9,088","4,707",133,"9,814","4,998",1
28/04/2020,"3,568","1,925",63,"4,240",76,1
03/07/2022,"1,850","3,215",0,"4,811",0,22
07/12/2019,"3,798","7,491",0,"8,072",0,4
16/12/2019,"15,611","10,477",440,"21,149","1,104",0
19/05/2024,"2,739","4,731",0,"6,496",0,23
21/06/2022,"12,111","8,289",251,"14,338","4,000",52
14/02/2020,"20,092","12,935",341,"26,149","5,906",1
20/02/2020,"20,567","12,657",488,"27,379","6,106",1
21/05/2021,"16,352","10,086",247,"17,849","5,224",68
30/07/2022,"2,960","5,559",0,"6,751",0,15
12/05/2021,"16,877","9,874",338,"17,889","5,379",46
16/05/2021,"2,161","3,355",0,"4,701",0,26
20/06/2024,"15,700","9,888",304,"17,787","4,481",59
09/10/2023,"16,351","10,568",330,"19,222","4,494",71
28/04/2022,"14,221","8,741",252,"15,995","5,169",71
07/01/2021,"8,318","6,099",149,"10,430",0,38
23/11/2020,"12,169","6,935",234,"13,066","4,429",45
20/01/2021,"10,775","5,557",278,"13,546",0,46
30/11/2020,"12,851","7,583",247,"13,798","4,687",41
23/06/2023,"13,580","9,657",290,"15,701","3,794",70
05/05/2024,"2,565","4,262",0,"6,097",0,17
22/02/2023,"17,698","11,639",381,"21,325","5,154",100
14/07/2021,"14,900","8,802",273,"15,542","5,224",59
08/12/2019,"2,747","4,827",0,"6,353",0,0
25/12/2022,268,"1,026",0,555,0,0
30/01/2022,"1,852","2,574",0,"4,106",0,44
08/03/2023,"17,243","11,910",389,"21,503","5,175",94
04/09/2020,"12,462","6,712",135,"12,340","4,974",72
21/05/2024,"17,404","11,659",397,"19,945","5,219",99
14/08/2021,720,671,0,"1,207",0,13
29/05/2023,"2,369","3,698",0,"5,494",0,17
03/04/2023,"16,101","10,146",372,"18,204","4,956",68
03/06/2024,"15,979","9,854",335,"17,356","5,093",67
10/10/2020,"2,518","4,152",0,"5,776",0,19
29/04/2023,"3,499","5,626",0,"7,487",0,31
24/10/2021,"1,236","1,741",0,"2,807",0,16
07/04/2021,"11,733","8,605",292,"15,283",0,50
21/03/2021,"1,903","2,741",0,"4,100",3,30
15/03/2022,"14,148","8,159",250,"15,778","4,983",57
31/05/2024,"14,447","9,308",232,"16,335","4,022",63
20/07/2023,"15,696","10,831",340,"18,860","4,967",100
15/08/2019,"19,383","12,433",423,"26,122","5,532",0
27/10/2022,"14,997","9,650",255,"16,857","4,129",63
19/08/2019,"18,332","11,412",461,"24,242","5,646",0
18/02/2023,"4,453","12,927",0,"11,591",0,17
02/06/2024,"2,748","4,495",0,"6,210",0,31
27/07/2021,"15,886","9,178",315,"16,923","5,688",77
15/10/2021,"3,542","1,892",28,"3,579",0,29
13/02/2023,"16,429","10,544",342,"18,785","5,460",116
19/09/2024,"16,129","10,469",288,"19,650","4,557",93
06/03/2024,"19,295","12,777",414,"22,585","6,145",103
21/11/2020,"3,049","4,802",0,"6,306",0,21
16/11/2020,"12,808","6,968",228,"12,879","4,762",37
28/05/2024,"17,388","10,862",405,"19,336","5,180",76
23/03/2020,"10,418","4,666",256,"12,058","4,119",1
09/01/2020,"11,208","8,572",318,"16,730",0,0
25/04/2022,"1,675","3,039",0,"4,089",0,11
15/05/2022,"1,733","3,050",0,"4,560",0,26
30/07/2023,"2,694","5,370",0,"6,621",0,18
20/05/2022,"13,225","8,420",168,"15,030","3,992",60
14/04/2020,"2,985","1,637",47,"3,631",0,1
15/06/2024,"4,493","5,491",0,"8,024",0,26
14/11/2021,"1,462","2,109",0,"3,289",0,16
22/12/2019,"2,785","3,974",0,"5,481",0,0
12/10/2023,"16,645","10,955",318,"19,732","5,263",88
09/09/2021,"2,295",878,19,"2,177",0,26
13/12/2023,"14,323","10,425",337,"17,795",899,69
09/03/2023,"17,194","11,597",320,"21,456","5,199",123
27/12/2022,"2,355","3,301",0,"4,917",0,10
25/08/2020,"11,942","6,103",186,"11,884","5,176",46
17/05/2023,"16,175","11,031",404,"19,560","4,910",93
22/01/2022,"2,402","3,283",0,"4,831",0,37
16/09/2023,"4,245","7,021",0,"9,361",0,23
05/09/2019,"18,911","11,382",451,"24,641","5,685",0
18/11/2022,"14,192","9,730",179,"16,351","3,768",60
20/08/2022,"3,257","5,240",0,"7,161",0,19
05/08/2020,"11,328","5,680",168,"11,624","5,320",55
28/08/2021,735,566,0,"1,081",0,7
29/11/2021,"10,741","6,438",181,"11,422","4,195",51
29/03/2021,"15,448","8,964",283,"16,476","5,744",70
25/06/2024,"15,358","10,217",325,"18,228","4,487",54
23/05/2021,"2,135","3,430",0,"4,664",0,54
27/03/2021,"3,224","5,581",0,"6,530",0,19
02/10/2019,"15,001","12,534",458,"24,050",0,0
09/12/2019,"16,216","10,994",428,"22,018","3,790",0
19/02/2023,"2,750","7,532",0,"8,097",0,17
05/09/2023,"15,995","10,805",387,"20,085","4,808",61
23/01/2020,"12,963","9,891",448,"19,874",0,0
23/12/2021,"6,891","4,653",83,"8,183",0,28
27/05/2024,"2,790","4,347",0,"6,192",0,13
03/08/2021,"15,630","8,950",323,"16,981","5,399",49
25/05/2021,"16,514","9,619",328,"17,408","5,388",88
07/02/2023,"16,880","11,128",346,"20,140","6,132",127
12/08/2019,"18,699","11,379",470,"24,549","5,823",0
14/09/2021,"2,367",936,23,"2,300",0,22
30/05/2021,"2,123","3,480",0,"4,871",0,33
29/12/2020,"4,909","3,966",15,"5,777",0,37
08/10/2022,"3,193","5,198",0,"6,824",0,23
24/10/2023,"16,885","10,819",404,"19,566","5,203",61
07/01/2024,"2,504","4,610",0,"5,468",0,28
13/01/2023,"10,558","8,270",188,"13,371",0,43
30/03/2020,"3,175","1,776",83,"4,246",66,1
12/01/2020,"2,284","3,285",0,"4,916",0,1
09/03/2024,"4,486","6,634",0,"9,896",0,21
22/10/2022,"2,859","4,365",0,"6,086",0,16
20/01/2022,"6,598","4,140",93,"7,647",0,34
08/11/2022,"15,211","9,628",263,"16,764","4,334",72
21/11/2019,"18,011","11,230",438,"23,009","5,362",1
08/08/2021,"1,956","3,094",0,"4,346",0,26
04/07/2022,"8,969","7,382",204,"12,245",0,52
10/07/2022,"1,859","3,402",0,"4,810",0,14
13/09/2019,"18,071","12,974",336,"23,475","5,376",0
03/06/2022,"12,913","8,520",193,"14,151","4,191",51
27/12/2021,"1,561","2,038",0,"3,406",3,20
27/02/2020,"21,070","13,081",488,"28,678","6,435",0
08/02/2022,"12,201","6,345",135,"11,943","5,865",84
10/08/2019,"4,836","5,422",0,"7,219",0,0
24/05/2020,"1,196","1,694",0,"2,551",0,0
04/12/2022,"2,481","4,081",0,"5,865",0,19
22/12/2022,"9,127","6,749",150,"11,528",0,73
01/07/2023,"3,681","5,526",0,"8,276",0,17
22/12/2021,"8,074","5,410",122,"9,419",0,55
22/01/2020,"13,661","10,327",456,"20,720",0,0
17/10/2022,"14,247","9,179",244,"15,913","4,754",78
01/06/2020,"1,322","1,648",0,"2,850",0,1
14/11/2023,"16,134","10,950",363,"19,270","4,862",84
22/01/2024,"12,072","9,019",333,"15,175",0,81
23/10/2021,"1,832","2,356",0,"3,703",0,15
05/03/2023,"2,729","4,356",0,"6,234",0,23
06/07/2023,"11,291","9,204",302,"15,537",0,60
15/07/2024,"11,369","8,161",275,"15,282",0,74
16/03/2024,"4,702","7,521",0,"10,690",1,21
19/04/2024,"12,975","10,718",298,"17,709",0,83
25/12/2023,315,"1,028",0,759,0,0
02/04/2023,"2,523","4,367",0,"6,804",0,15
23/09/2023,"4,117","7,197",0,"9,681",0,29
04/04/2020,943,877,0,"1,592",0,0
02/02/2020,"2,861","3,732",0,"5,437",0,0
07/04/2024,"2,814","5,058",0,"6,904",0,26
09/06/2023,"15,029","10,092",263,"17,269","4,393",74
25/04/2020,863,944,0,"1,540",0,0
08/04/2022,"12,639","7,956",190,"13,976","4,039",48
18/06/2020,"9,658","5,267",151,"10,691","4,895",7
11/06/2021,"14,834","9,153",210,"16,181","4,912",58
13/08/2024,"17,482","11,274",369,"21,350","4,838",75
20/05/2023,"3,846","5,946",0,"7,858",0,19
16/11/2022,"14,257","9,527",281,"16,565","4,184",98
12/11/2021,"9,123","5,189",113,"9,312","3,660",57
04/11/2023,"4,057","5,780",0,"8,807",0,26
15/04/2023,"3,868","5,739",0,"7,922",0,24
26/11/2021,"10,451","6,524",113,"11,230","3,746",63
01/05/2023,"15,828","10,402",327,"18,694","5,447",73
28/07/2019,"4,187","4,398",0,"5,751",0,3
23/08/2024,"16,418","10,875",266,"19,091","4,616",66
23/08/2020,"1,657","2,419",0,"3,710",0,21
13/04/2021,"11,968","8,770",313,"15,654",0,70
29/03/2024,"1,682","4,101",0,"4,065",0,10
08/05/2021,"3,305","4,974",0,"6,662",0,35
10/06/2023,"3,736","5,793",0,"7,739",0,16
29/10/2019,"18,619","12,012",461,"24,841","5,947",0
31/12/2020,"5,296","4,955",12,"5,831",0,34
07/09/2019,"4,965","6,261",0,"7,801",0,0
30/09/2022,"10,526","9,139",138,"14,264",0,72
26/09/2023,"12,828","11,047",324,"18,995",0,61
17/02/2023,"16,365","13,887",252,"20,392","5,262",94
26/03/2022,"3,022","4,629",0,"6,642",0,19
03/02/2022,"11,957","6,060",114,"11,081","5,967",50
20/01/2020,"11,782","9,473",346,"18,310",0,0
15/02/2024,"18,944","11,412",354,"21,118","6,354",103
16/12/2020,"12,534","8,169",227,"13,561",979,53
05/02/2024,"16,684","9,629",350,"18,049","4,819",99
05/01/2024,"9,662","9,746",146,"11,635",0,116
21/08/2023,"15,616","10,487",364,"19,386","4,704",162
20/06/2020,"1,998","3,158",0,"4,367",0,7
18/08/2020,"11,925","5,890",174,"11,641","5,133",83
21/10/2020,"13,539","6,988",285,"13,699","5,329",49
11/12/2019,"17,135","11,696",415,"22,494","2,750",0
21/01/2023,"3,561","6,983",0,"7,272",0,25
16/01/2022,"1,602","2,180",0,"3,427",0,15
13/09/2023,"16,428","11,052",358,"19,750","4,760",75
05/10/2023,"12,733","10,257",312,"17,789",0,54
26/01/2020,"2,681","4,215",0,"5,776",0,2
14/08/2024,"17,174","11,025",351,"20,487","4,889",51
31/07/2023,"15,938","10,820",386,"19,660","4,862",84
07/07/2019,"4,065","4,332",0,"5,426",0,0
30/10/2021,"2,254","3,294",0,"4,623",0,11
22/10/2023,"2,698","4,627",0,"6,518",0,20
29/08/2019,"19,565","12,286",427,"25,376","5,492",0
22/04/2023,"3,796","6,505",0,"8,581",0,14
18/03/2021,"16,701","9,561",315,"18,249","5,861",85
21/12/2023,"11,612","8,381",245,"14,129",0,80
22/03/2021,"15,025","8,181",290,"15,489","5,451",62
30/12/2022,"6,087","4,489",17,"6,931",0,34
03/09/2023,"2,449","4,609",0,"6,658",0,26
11/09/2019,"18,887","11,664",446,"24,581","5,779",2
02/07/2019,"16,895","10,656",409,"21,715","3,993",0
24/03/2024,"2,919","4,989",0,"7,052",0,20
30/05/2020,"1,736","2,559",0,"3,662",0,2
20/01/2024,"4,044","5,834",0,"7,458",0,26
27/12/2019,"5,852","4,999",21,"7,343",0,0
14/12/2023,"14,324","10,223",304,"17,282",771,59
30/10/2019,"18,782","11,736",451,"25,038","5,822",0
09/07/2022,"2,878","4,941",0,"5,986",0,16
11/11/2022,"14,462","9,657",209,"16,327","3,927",54
29/11/2020,"2,133","3,417",0,"4,919",0,21
16/07/2024,"11,828","9,388",299,"16,126",0,60
08/09/2021,"2,191",928,22,"2,114",0,22
28/02/2024,"19,621","12,291",432,"22,583","6,050",90
10/06/2020,"9,267","4,752",127,"9,748","5,022",1
03/10/2023,"12,225","10,204",307,"17,980",0,63
14/03/2020,"3,163","4,956",0,"7,621",0,0
09/04/2023,"1,975","3,692",0,"5,264",0,11
22/05/2020,"6,527","3,109",81,"6,952","2,402",0
10/05/2021,"15,851","9,073",303,"17,096","5,369",90
30/11/2019,"3,801","6,095",0,"8,498",0,0
22/02/2020,"4,676","15,154",0,"14,048",4,0
23/03/2024,"4,405","6,986",0,"9,018",0,29
20/09/2020,"1,727","2,345",0,"3,534",0,18
16/08/2020,"1,760","2,609",0,"3,573",0,22
12/05/2022,"12,449","7,602",250,"13,954","4,386",56
24/05/2023,"15,945","10,982",373,"19,285","4,931",61
24/02/2021,"16,729","9,315",333,"17,840","6,105",95
18/08/2022,"12,858","8,812",223,"15,507","1,731",47
04/07/2023,"10,995","8,859",343,"15,424",0,61
03/04/2022,"2,052","3,363",0,"5,203",0,56
24/11/2023,"14,997","10,483",258,"18,507","4,237",80
29/03/2023,"15,149","10,538",346,"18,834","5,110",86
24/08/2022,"14,179","9,035",269,"16,214","4,414",67
16/03/2021,"16,977","9,505",328,"18,352","5,813",75
14/07/2020,"6,654","5,072",119,"9,775",0,4
18/10/2023,"17,130","11,051",384,"20,557","5,272",77
15/09/2019,"3,921","5,051",0,"6,608",0,14
15/02/2023,"17,335","11,438",338,"20,661","5,694",108
18/02/2024,"3,263","6,234",0,"8,031",0,19
27/07/2023,"16,528","11,498",309,"19,857","4,836",116
03/12/2022,"3,769","5,702",0,"8,372",0,49
15/01/2022,"2,138","2,727",0,"4,133",0,16
31/12/2023,"2,389","4,620",0,"5,641",0,8
21/04/2024,"2,710","4,752",0,"6,433",0,22
29/07/2020,"11,780","6,020",185,"11,809","5,454",44
04/09/2019,"18,691","11,263",464,"24,375","5,600",1
25/10/2019,"18,034","12,547",327,"24,658","5,082",44
02/06/2023,"15,276","10,321",282,"17,779","4,674",78
09/02/2021,"16,667","9,031",301,"17,252","6,533",75
17/04/2023,"11,622","9,407",329,"16,589",0,61
25/10/2022,"15,055","9,619",248,"17,153","4,420",82
04/07/2019,"16,604","10,445",437,"21,868","3,576",0
25/07/2021,"1,869","2,673",0,"4,102",0,20
21/10/2023,"4,420","6,739",0,"8,622",0,22
30/07/2020,"11,668","5,992",134,"11,538","5,341",70
19/01/2021,"10,546","5,565",283,"13,358",0,49
07/06/2020,"1,349","2,101",0,"2,884",0,1
31/03/2022,"13,451","8,495",248,"15,075","4,955",62
12/12/2022,"10,669","7,677",230,"13,056",542,74
14/08/2023,"15,304","10,222",378,"19,000","4,492",81
08/03/2021,"2,252","3,175",0,"4,576",0,24
29/09/2019,"2,781","5,347",0,"7,669",0,3
17/08/2024,"4,891","5,814",0,"8,241",0,22
12/02/2020,"20,332","12,188",475,"26,961","7,082",0
08/07/2019,"13,078","9,442",422,"18,848",0,0
06/06/2020,"1,832","2,808",0,"3,956",0,2
21/05/2020,"6,428","3,096",79,"6,671","2,663",0
10/08/2022,"14,125","9,218",193,"16,583","4,486",52
19/09/2022,"13,602","9,159",223,"15,491","4,288",111
28/11/2021,"1,820","2,837",0,"4,416",0,20
16/01/2023,"11,079","7,737",251,"14,190",0,48
03/02/2023,"15,774","10,575",258,"17,906","5,667",64
17/07/2019,"13,768","10,689",428,"20,550",0,0
20/02/2022,"2,036","3,038",0,"4,399",0,21
17/10/2020,"2,703","3,865",0,"5,492",0,15
10/07/2019,"13,856","10,066",421,"19,502",0,1
02/03/2024,"4,603","7,170",0,"10,062",0,15
07/09/2024,"4,607","6,317",0,"8,659",0,21
31/12/2019,"5,756","4,911",30,"7,016",0,1
11/12/2020,"12,982","8,995",195,"14,731","2,279",58
22/04/2020,"3,015","1,756",40,"3,826",0,0
26/06/2020,"9,324","6,000",120,"10,843","4,499",2
12/01/2021,"6,121","5,468",127,"7,538",0,16
13/06/2020,"1,895","2,954",0,"4,199",0,0
04/04/2021,"1,744","2,986",0,"3,891",0,23
12/03/2022,"3,099","4,842",0,"6,933",0,21
20/06/2022,"11,883","8,121",231,"13,980","3,991",47
15/07/2021,"14,865","8,811",276,"15,373","5,263",88
21/10/2022,"13,653","9,277",190,"15,335","4,210",127
06/05/2024,"17,101","10,793",357,"19,639","5,710",68
18/01/2024,"12,049","9,418",302,"15,595",0,77
24/06/2021,"12,056","7,920",282,"14,017","3,271",66
03/05/2021,"16,093","8,837",314,"16,855","5,557",54
30/05/2022,"1,652","2,453",0,"3,643",0,13
03/03/2020,"19,623","12,961",514,"27,706","2,551",0
26/05/2023,"15,122","10,315",255,"17,572","4,608",70
18/12/2020,"11,979","8,632",207,"13,934",619,57
30/11/2023,"15,365","10,535",327,"18,023","3,973",77
06/06/2024,"16,242","9,950",305,"18,375","4,846",83
01/01/2021,"1,256","2,434",0,"2,608",0,13
19/08/2024,"16,804","10,456",312,"19,296","4,748",89
07/09/2022,"14,107","9,135",266,"15,984","4,338",69
20/04/2022,"9,682","7,575",238,"13,207",0,48
08/08/2020,"1,762","2,550",0,"4,264",0,17
31/07/2024,"17,434","11,498",342,"20,937","4,846",77
28/11/2020,"3,122","4,606",0,"6,059",0,16
15/09/2024,"2,612","4,609",0,"7,040",0,25
14/06/2024,"16,193","9,984",237,"17,784","4,826",57
03/08/2023,"16,472","11,773",320,"20,434","4,769",113
25/07/2022,"12,959","8,398",208,"14,429","4,763",51
22/09/2023,"15,586","11,462",268,"19,346","3,798",51
09/11/2020,"13,296","6,869",242,"13,461","4,768",52
28/01/2024,"2,723","4,251",0,"5,870",0,21
16/05/2024,"17,970","11,262",312,"20,001","5,113",92
12/09/2021,538,501,0,"1,059",0,8
24/08/2024,"4,728","6,362",0,"8,397",0,21
16/06/2021,"14,752","8,957",301,"16,002","4,916",68
16/07/2022,"2,823","4,503",0,"6,346",0,19
16/11/2023,"16,244","10,551",322,"19,043","4,824",79
17/01/2023,"11,574","8,730",275,"15,009",0,59
23/10/2019,"18,895","12,716",467,"26,133","5,445",0
07/02/2020,"19,368","12,300",382,"24,486","6,794",0
30/07/2021,"15,531","9,164",236,"16,405","5,201",62
31/10/2019,"19,023","12,231",424,"24,632","5,652",0
13/03/2023,"2,663","4,465",0,"6,395",0,8
29/07/2022,"13,216","8,693",178,"14,737","4,336",59
22/07/2021,"15,589","9,013",292,"16,465","5,461",114
29/06/2021,"10,292","7,197",279,"13,043",0,37
21/05/2022,"3,102","4,821",0,"6,478",0,19
06/10/2022,"9,972","8,005",194,"13,508",0,62
18/05/2021,"16,492","9,542",350,"17,753","5,362",69
02/11/2023,"16,156","9,339",278,"18,770","4,909",73
02/07/2022,"2,463","4,217",0,"5,900",0,26
18/04/2020,985,"1,364",0,"1,830",0,0
24/07/2021,"2,866","3,814",0,"5,721",0,77
22/09/2022,"2,171","4,388",0,"5,727",0,18
02/05/2023,"16,492","11,321",419,"20,342","5,357",78
26/02/2024,"18,130","11,446",408,"20,579","5,812",68
31/07/2020,"11,670","6,433",131,"11,738","4,386",46
02/12/2019,"15,928","10,800",441,"22,012","5,002",0
26/02/2020,"20,972","13,015",478,"28,359","6,518",1
01/09/2022,"14,390","9,107",221,"16,216","4,235",38
02/08/2023,"16,567","11,589",367,"20,965","4,713",102
31/05/2021,"2,302","3,116",0,"4,712",0,25
25/09/2022,"2,195","4,683",0,"6,002",0,19
09/09/2022,"11,324","5,298",182,"14,359","1,154",56
16/02/2024,"17,945","12,473",262,"20,870","5,612",108
29/06/2020,"8,594","5,084",149,"10,213","3,530",3
30/07/2024,"17,479","11,537",368,"21,068","5,059",77
31/03/2023,"15,474","10,997",264,"19,069","4,840",61
07/06/2024,"15,710","9,714",230,"17,105","4,727",69
28/09/2019,"3,638","7,256",0,"9,799",0,4
29/07/2024,"16,772","10,399",313,"19,741","5,099",78
28/03/2021,"2,286","3,552",0,"4,928",0,31
02/04/2024,"16,801","10,330",410,"19,969","5,478",142
28/06/2023,"12,261","9,066",350,"15,805","2,574",68
12/11/2019,"18,612","12,023",481,"24,790","5,741",10
01/04/2023,"4,092","5,835",0,"8,656",0,28
08/03/2024,"17,752","11,944",318,"21,830","5,580",92
15/08/2021,525,526,0,906,0,10
13/04/2023,"11,910","9,464",324,"16,443",0,57
24/12/2021,"4,877","3,422",29,"6,010",0,25
23/02/2022,"13,157","7,269",161,"13,136","5,415",100
10/10/2019,"14,887","11,849",389,"23,700",0,0
02/09/2023,"3,959","6,385",0,"9,125",0,13
03/10/2022,"2,168","4,046",0,"5,659",0,13
15/03/2021,"16,570","9,384",354,"17,731","5,693",57
08/04/2021,"11,836","8,604",262,"15,243",0,69
09/11/2022,"15,356","9,747",284,"16,491","4,341",71
25/04/2024,"2,425","4,726",0,"6,122",0,19
26/07/2021,"14,918","8,563",295,"15,651","5,557",57
26/11/2022,"4,063","9,014",0,"8,471",0,26
15/11/2022,"14,825","9,797",261,"16,820","4,113",71
27/07/2020,"9,904","4,865",157,"9,922","5,038",25
25/08/2023,"15,613","11,094",296,"19,360","4,445",74
16/10/2019,"19,025","12,516",435,"26,062","5,862",1
21/07/2020,"11,431","5,706",148,"11,239","5,160",29
03/10/2021,594,691,0,"1,311",0,10
22/05/2021,"3,257","4,849",0,"6,541",0,42
31/01/2023,"15,316","10,196",297,"17,918","3,664",54
02/09/2022,"13,829","9,212",152,"15,371","4,291",53
19/09/2023,"16,511","11,677",357,"20,607","4,863",75
03/03/2024,"2,954","5,261",0,"7,208",0,23
12/06/2024,"17,166","10,623",364,"19,041","5,116",70
31/10/2021,"1,558","2,212",0,"3,307",0,16
13/06/2024,"16,966","10,391",343,"18,676","4,888",94
15/12/2020,"12,627","8,322",266,"14,088","1,135",46
19/11/2023,"2,852","4,704",0,"6,737",0,20
05/02/2020,"19,625","11,974",423,"25,010","7,208",0
15/01/2021,"10,317","5,360",175,"12,170",0,47
05/07/2021,"10,261","7,354",256,"13,077",0,27
26/08/2024,"16,344","10,408",323,"19,329","4,935",65
13/08/2019,"19,097","12,372",468,"26,757","5,716",0
31/03/2024,"2,282","4,375",0,"5,925",0,6
11/01/2021,"4,199","5,553",110,"3,843",0,2
02/06/2021,"16,489","9,620",305,"17,913","5,512",110
27/01/2021,"10,770","7,068",282,"13,369",0,51
29/05/2024,"17,508","10,878",389,"19,124","5,264",66
19/12/2021,"1,585","2,348",0,"3,549",0,40
07/11/2019,"18,777","12,046",473,"24,991","5,639",0
12/07/2020,"1,381","2,284",0,"3,311",0,2
05/06/2021,"3,279","4,610",0,"6,389",0,37
05/11/2020,"12,251","6,152",212,"12,220","4,789",54
10/06/2022,"12,698","8,385",193,"14,180","3,862",48
03/11/2023,"16,077","10,796",259,"18,509","4,585",70
03/11/2022,"14,796","9,131",232,"16,373","4,190",88
24/05/2024,"16,631","10,638",252,"18,396","4,345",63
10/09/2024,"16,727","10,665",366,"19,896","4,629",73
05/04/2020,746,744,0,"1,289",0,3
11/05/2024,"4,207","5,358",0,"7,194",0,16
26/09/2024,9,0,0,0,2,0
06/01/2022,"5,438","3,846",50,"6,286",0,26
27/05/2020,"7,619","3,700",99,"7,974","4,084",1
28/12/2022,"5,505","4,082",20,"6,369",0,41
14/02/2024,"19,121","11,890",418,"22,017","6,312",134
25/06/2023,"2,380","4,256",0,"5,770",0,24
09/05/2021,"2,063","3,493",0,"4,627",0,24
25/02/2021,"16,339","9,267",301,"17,560","5,829",110
29/08/2020,"2,266","3,880",0,"5,153",0,14
11/10/2019,"14,293","12,071",285,"22,457",0,0
06/04/2021,"11,113","8,226",318,"14,590",0,59
26/09/2020,"2,377","3,749",0,"5,286",0,17
26/12/2019,"2,804","4,987",0,"6,726",0,0
09/07/2021,"10,476","8,172",193,"13,363",0,40
11/10/2020,"1,846","2,842",0,"4,107",0,45
04/02/2020,"19,116","11,690",498,"25,242","6,225",0
24/10/2022,"13,910","8,787",282,"15,422","4,451",85
16/09/2022,"13,366","9,265",183,"15,208","3,998",62
11/01/2024,"11,477","8,637",262,"14,897",0,63
07/10/2020,"8,928","5,773",228,"10,638",0,40
25/01/2024,"12,196","9,485",273,"16,331",0,76
28/02/2022,"13,125","6,930",161,"13,403","5,547",71
05/12/2020,"3,054","4,333",0,"6,090",0,29
13/10/2021,"2,732","1,229",28,"2,777",0,29
05/07/2020,"1,596","2,702",0,"3,585",0,3
21/09/2020,"12,177","5,935",200,"11,947","5,022",49
18/09/2022,"2,108","3,922",0,"5,466",0,11
20/02/2024,"19,124","12,459",391,"22,628","5,916",110
24/04/2024,"13,733","10,679",359,"18,766",0,73
14/12/2019,"3,821","6,422",0,"8,312",0,0
27/11/2019,"17,817","11,681",432,"23,824","5,138",135
18/10/2019,"18,448","12,685",370,"25,368","5,421",1
29/01/2021,"9,839","6,673",200,"11,929",0,50
16/06/2020,"9,492","4,940",152,"10,258","4,880",3
26/05/2022,"14,094","9,156",236,"15,478","4,057",76
21/08/2020,"10,782","5,601",151,"10,671","4,802",58
06/07/2021,"10,113","7,544",270,"13,375",0,41
09/05/2023,"16,463","11,195",398,"19,820","5,055",63
11/01/2020,"3,059","4,677",0,"6,433",0,2
29/02/2024,"19,155","12,292",353,"22,322","5,779",108
16/07/2021,"13,721","8,248",209,"14,637","4,720",66
28/06/2021,"9,512","6,550",230,"12,511",0,49
16/08/2022,"13,948","8,799",230,"16,341","4,461",46
16/05/2022,"13,615","7,662",224,"14,577","4,462",55
14/05/2020,"4,340","2,420",75,"5,365",891,2
24/06/2023,"3,687","5,589",0,"7,355",0,29
12/07/2019,"12,614","9,413",344,"18,057",0,1
11/05/2021,"16,561","9,506",347,"17,516","5,581",90
20/06/2021,"1,947","3,298",0,"4,742",0,22
26/09/2021,563,599,0,"1,176",0,5
12/10/2020,"12,751","6,503",215,"12,624","5,522",102
05/12/2022,"13,053","9,071",259,"15,430","2,872",63
08/08/2023,"16,636","11,895",405,"21,512","3,997",94
24/07/2020,"11,450","6,212",124,"11,382","5,209",43
03/01/2024,"9,006","6,499",196,"11,081",0,46
28/09/2023,"12,856","11,739",275,"19,070",0,56
21/08/2022,"2,075","3,712",0,"5,306",0,19
21/09/2024,28,832,0,64,0,0
11/08/2019,"3,707","3,943",0,"5,770",0,1
23/02/2023,"16,954","11,357",323,"21,285","5,182",120
18/12/2022,"2,487","4,070",0,"5,647",0,35
20/07/2024,"3,685","4,670",0,"6,703",0,14
19/02/2022,"3,023","4,443",0,"5,958",0,32
12/12/2020,"3,187","5,177",0,"6,380",0,16
18/07/2024,"12,322","9,647",291,"16,458",0,72
14/07/2022,"9,513","7,978",200,"12,749",0,53
07/11/2020,"2,897","4,034",0,"5,741",0,25
25/10/2023,"16,581","11,075",363,"19,813","5,140",60
02/04/2022,"2,751","4,433",0,"6,021",0,15
07/05/2024,"18,103","11,758",382,"20,829","5,540",85
08/03/2020,"3,154","4,829",0,"6,895",0,1
25/12/2020,172,451,0,356,0,0
01/11/2023,"15,949","10,451",341,"19,032","5,006",74
12/03/2024,"19,088","12,106",398,"22,339","6,038",101
21/10/2021,"5,132","2,380",48,"5,301",0,38
10/12/2020,"13,171","8,634",237,"14,607","2,553",56
30/08/2020,"1,841","2,713",0,"3,867",0,27
29/12/2023,"6,889","5,020",22,"7,867",0,33
04/05/2024,"4,856","6,139",0,"8,444",0,22
21/06/2020,"1,379","2,289",0,"3,172",0,3
08/06/2021,"16,301","9,571",334,"17,376","5,389",66
12/03/2020,"19,980","12,347",447,"27,428","6,141",0
25/03/2022,"13,446","8,656",182,"15,567","4,428",49
22/07/2019,"18,376","11,664",440,"24,147","5,332",0
25/03/2021,"16,955","9,822",328,"18,354","5,521",88
12/12/2023,"14,886","10,356",352,"17,925","1,057",89
09/06/2024,"2,785","4,826",0,"6,671",0,18
22/08/2023,"16,136","11,369",356,"20,456","4,731",72
13/08/2022,"3,097","4,934",0,"6,808",0,21
26/10/2023,"16,819","10,938",324,"19,802","5,116",81
16/07/2023,"2,532","4,481",0,"6,468",0,21
17/06/2022,"12,574","8,810",194,"14,281","4,069",44
08/02/2020,"3,711","5,888",0,"7,675",0,0
09/08/2023,"16,458","12,116",393,"20,886","4,575",149
09/10/2021,954,893,0,"1,730",0,5
14/02/2021,"2,452","3,681",0,"5,320",0,23
18/05/2020,"5,686","2,707",85,"6,389","1,986",0
07/04/2023,"1,146","2,347",0,"3,058",0,11
26/05/2020,"7,414","3,709",110,"7,828","4,010",1
26/08/2020,"11,782","5,909",175,"11,980","5,235",37
24/01/2023,"11,675","8,849",276,"15,200",0,60
01/02/2024,"17,873","10,488",352,"18,306","4,558",71
26/08/2023,"4,105","7,011",0,"8,653",0,13
15/06/2021,"15,462","9,377",309,"16,887","5,069",79
18/09/2019,"19,573","12,757",419,"26,092","5,731",0
10/11/2019,"2,744","4,584",0,"6,673",0,1
20/10/2022,"15,110","9,605",244,"17,024","4,531",113
06/08/2019,"19,528","12,403",474,"26,649","5,947",0
05/04/2023,"16,759","10,913",355,"19,340","4,987",84
13/03/2021,"3,272","3,524",0,"6,628",0,26
23/06/2022,"12,406","8,506",244,"14,809","3,999",74
18/05/2023,"16,171","11,091",335,"19,269","5,070",118
18/02/2022,"12,716","7,199",127,"12,989","5,208",59
30/01/2021,"2,963","4,235",0,"5,929",0,34
10/03/2022,"13,773","7,887",184,"15,192","5,233",85
28/07/2023,"15,294","10,730",262,"18,223","4,694",77
12/07/2022,"9,556","7,802",229,"12,924",0,54
06/04/2022,"14,261","8,349",249,"15,143","4,690",68
11/07/2020,"1,822","2,998",0,"4,270",0,3
30/06/2022,"11,479","8,122",225,"14,257","1,309",68
04/11/2019,"18,178","11,601",452,"24,231","5,833",0
03/07/2019,"16,613","10,658",427,"22,025","3,638",0
09/12/2021,"11,059","6,942",199,"12,064","2,369",52
18/09/2023,"15,571","10,509",381,"18,959","4,805",57
27/12/2023,"5,809","4,327",28,"7,040",0,30
14/06/2021,"2,043","3,204",0,"4,470",0,12
31/08/2019,"5,683","6,736",0,"9,225",2,1
07/05/2023,"2,010","3,260",0,"4,904",0,18
02/10/2021,888,774,0,"1,425",0,12
10/02/2024,"4,320","8,460",0,"8,832",0,22
05/01/2023,"8,541","7,632",141,"11,050",0,42
24/07/2024,"17,528","11,488",385,"20,156","5,190",79
20/07/2021,"15,046","8,528",328,"15,468","5,450",66
21/07/2023,"15,700","10,657",200,"18,176","4,714",151
06/02/2020,"20,061","11,865",477,"25,312","7,234",0
05/01/2021,"8,057","6,167",166,"9,725",0,39
01/04/2024,"2,631","4,139",0,"6,241",0,23
19/08/2022,"13,435","9,082",180,"15,167","4,297",78
24/01/2021,"1,949","2,590",0,"3,903",0,42
02/12/2021,"11,386","6,669",185,"12,560","3,815",64
07/02/2022,"11,886","5,832",136,"11,005","5,760",53
08/08/2022,"13,260","8,249",224,"15,030","4,586",66
27/06/2022,"11,424","7,787",218,"13,919","2,678",66
17/07/2023,"14,797","10,018",383,"17,549","2,033",87
18/07/2019,"14,092","10,938",396,"20,989",0,0
03/04/2021,"2,445","4,380",0,"5,352",0,22
02/07/2021,"10,127","7,741",203,"12,920",0,37
18/06/2023,"2,206","4,128",0,"5,846",0,18
02/04/2020,"2,648","1,364",54,"3,201",53,1
11/12/2022,"2,424","4,662",0,"5,876",0,24
17/06/2021,"15,189","9,338",320,"17,070","4,969",68
27/04/2023,"16,872","11,389",362,"20,509","5,453",101
28/07/2024,"2,657","4,446",0,"6,798",0,20
25/11/2019,"17,086","11,115",451,"23,151","5,426",121
18/10/2020,"1,897","2,913",0,"4,101",0,13
16/11/2021,"10,946","5,979",165,"11,113","4,641",50
15/11/2021,"10,197","5,165",154,"9,988","4,451",80
09/12/2023,"4,016","6,021",0,"7,978",0,10
10/12/2019,"16,469","11,255",437,"22,691","3,831",0
08/05/2024,"18,132","11,744",369,"20,586","5,456",101
22/08/2024,"15,692","11,103",315,"20,190","1,804",92
15/12/2023,"13,820","10,948",210,"16,933",593,55
04/03/2020,"18,430","11,417",470,"25,248","6,040",137
17/11/2023,"15,668","10,600",252,"18,380","4,572",67
13/10/2023,"16,430","11,369",260,"19,439","4,977",68
14/03/2024,"19,016","12,133",373,"22,077","6,188",122
16/10/2023,"15,484","9,830",338,"18,415","5,125",83
22/10/2019,"18,951","12,425",464,"25,925","5,661",0
07/08/2020,"10,080","5,185",124,"9,993","4,680",26
24/12/2023,"2,298","3,487",0,"4,827",0,12
04/08/2022,"9,753","6,280",157,"11,787","3,258",58
25/07/2020,"2,013","3,721",0,"4,838",0,15
31/05/2020,"1,286","1,917",0,"2,755",0,3
30/10/2022,"2,259","4,171",0,"5,454",0,14
22/06/2020,"8,964","4,925",138,"10,045","4,805",3
18/08/2019,"3,691","4,355",0,"5,976",0,1
20/12/2022,"10,832","8,308",221,"13,925",0,46
02/06/2022,"13,351","8,513",249,"14,933","4,426",64
28/03/2022,"13,027","7,620",254,"14,486","4,896",49
08/12/2023,"14,296","10,697",245,"17,018","1,522",68
29/06/2024,"4,592","5,955",0,"8,447",0,16
05/09/2024,"16,619","10,246",267,"19,130","4,713",91
05/06/2023,"14,933","9,862",368,"17,463","5,113",50
30/09/2023,"4,072","7,268",0,"9,330",0,92
04/10/2022,"10,872","9,141",219,"15,168",0,64
25/02/2023,"4,194","8,074",0,"8,817",0,36
11/04/2020,891,778,0,"1,523",0,0
22/04/2024,"12,918","10,197",389,"17,538",0,63
22/03/2024,"17,757","12,168",258,"20,614","5,237",65
05/10/2019,"3,494","6,942",0,"9,031",0,0
03/02/2021,"16,332","8,949",295,"16,550","6,740",46
28/07/2022,"13,634","8,601",218,"15,277","4,444",70
06/04/2020,"3,018","1,565",54,"3,387",42,0
05/07/2019,"16,040","10,532",400,"20,697","2,856",0
15/07/2020,"6,998","5,168",139,"9,967",0,4
01/05/2021,"3,210","5,051",0,"6,511",0,31
19/04/2022,"9,097","6,941",231,"12,267",0,51
01/10/2023,"2,705","5,627",0,"7,399",0,21
02/07/2024,"14,670","9,940",341,"17,921","2,970",50
02/08/2021,"15,232","8,730",292,"16,641","4,647",91
10/11/2021,"10,766","5,418",158,"10,274","4,747",68
02/03/2022,"13,166","7,064",196,"14,058","5,354",54
06/11/2022,"2,285","4,208",0,"5,560",0,44
22/07/2023,"4,049","6,498",0,"8,846",0,25
01/05/2024,"18,637","12,002",411,"21,233","5,781",123
26/03/2021,"16,457","10,272",212,"17,390","5,531",93
13/09/2022,"13,819","9,164",221,"16,368","4,359",59
12/04/2020,586,688,0,"1,049",0,0
14/01/2021,"9,839","5,073",223,"12,053",0,30
08/06/2020,"1,360","2,039",0,"3,038",0,0
04/06/2020,"9,131","4,513",114,"9,588","5,000",1
27/08/2019,"18,837","12,065",450,"25,778","5,460",0
24/03/2020,"5,555","3,458",210,"8,169",443,0
05/05/2020,"3,551","1,917",67,"4,496",149,10
03/03/2022,"13,811","7,614",193,"14,616","5,631",86
09/04/2020,"3,294","1,569",40,"3,661",34,1
24/02/2024,"4,765","8,846",0,"9,909",0,14
25/01/2023,"11,963","9,123",261,"15,513",0,62
11/09/2024,"16,701","10,626",342,"19,293","4,750",131
14/04/2023,"11,464","9,419",261,"15,882",0,60
22/01/2021,"10,235","5,446",196,"12,627",0,45
08/12/2020,"13,519","8,538",257,"15,053","3,522",55
14/12/2020,"12,176","8,184",249,"13,666",971,38
27/05/2021,"16,618","9,841",310,"17,936","5,285",114
09/08/2021,"15,466","8,880",311,"16,701","5,268",62
16/02/2020,"2,910","4,208",0,"6,437",0,1
14/09/2020,"12,068","6,187",190,"12,126","4,973",77
27/06/2021,"2,109","3,300",0,"4,711",0,19
16/05/2020,"1,512","1,838",0,"2,915",0,0
09/03/2020,"2,902","4,399",0,"6,739",0,1
19/06/2024,"15,962","10,081",361,"18,459","4,710",74
31/01/2022,"8,241","4,904",99,"8,679",901,24
09/05/2024,"18,054","11,401",358,"20,069","5,530",108
22/12/2020,"9,059","6,636",186,"10,915",0,36
15/04/2020,"2,970","1,602",55,"3,627",0,1
12/06/2023,"2,280","3,635",0,"5,382",0,14
13/10/2020,"13,449","6,815",243,"13,550","5,596",106
06/03/2020,"19,515","12,465",386,"26,030","6,147",150
19/09/2019,"19,547","12,707",458,"26,165","5,745",0
05/11/2022,"3,531","5,568",0,"7,541",0,34
14/11/2019,"19,081","12,298",462,"25,207","5,569",0
15/05/2023,"15,462","10,191",373,"18,451","5,000",82
04/09/2024,"16,479","10,552",371,"19,335","4,528",74
21/11/2021,"1,677","2,593",0,"3,849",0,19
17/05/2024,"17,286","11,158",271,"19,497","4,885",65
21/12/2021,"8,405","6,122",156,"10,569",0,55
27/08/2021,"2,086",772,20,"1,888",0,24
26/06/2023,"12,935","9,282",322,"16,301","2,924",67
15/03/2020,"2,607","3,502",0,"5,840",0,0
29/04/2024,"13,634","10,232",371,"18,038","1,112",52
26/11/2019,"17,653","11,287",472,"24,190","5,380",76
17/09/2021,"2,516","1,016",15,"2,354",0,30
11/08/2020,"11,796","5,801",168,"11,817","5,235",55
16/01/2020,"12,368","9,422",363,"18,705",0,0
13/12/2021,"10,459","6,772",179,"11,968",917,58
10/01/2023,"10,552","8,025",254,"13,727",0,50
10/12/2023,"2,825","4,910",0,"6,406",0,17
16/02/2023,"17,090","11,327",292,"20,321","5,753",117
11/03/2022,"13,492","8,348",175,"14,959","4,656",49
23/12/2022,"8,636","6,882",60,"10,697",0,45
09/01/2021,"2,323","4,005",0,"4,997",0,27
29/07/2023,"3,889","6,929",0,"8,827",0,12
06/08/2023,"2,544","5,047",0,"6,831",0,25
15/06/2023,"15,314","11,367",367,"18,266","4,364",76
29/09/2020,"9,469","6,426",222,"11,375",0,43
13/07/2021,"15,437","8,969",312,"16,007","5,151",56
17/11/2020,"13,498","7,809",273,"14,397","4,780",42
07/09/2023,"15,871","10,476",310,"19,018","4,607",69
31/01/2021,"2,227","3,231",0,"4,579",0,19
02/05/2024,"18,416","11,639",347,"21,093","5,737",71
13/11/2022,"1,869","3,197",0,"4,669",4,19
10/09/2020,"12,648","6,421",213,"12,437","5,072",56
17/01/2024,"11,095","8,629",320,"14,569",0,63
06/03/2021,"3,287","5,006",0,"6,519",0,42
31/08/2021,"2,111",767,19,"1,877",0,18
26/07/2024,"16,541","10,792",282,"19,038","5,135",76
26/10/2022,"14,973","9,509",276,"17,188","4,285",112
03/04/2020,"3,084","1,558",52,"3,519",49,0
03/07/2021,"2,729","3,929",0,"5,591",0,30
08/07/2022,"9,344","7,810",158,"12,178",0,43
29/01/2020,"13,618","10,066",281,"20,355",0,0
21/02/2020,"20,196","14,773",381,"27,274","6,270",1
21/01/2020,"13,327","10,650",441,"20,494",0,1
20/09/2024,485,"2,537",0,440,37,0
11/06/2024,"16,261","10,347",340,"18,625","5,118",91
06/01/2023,"8,728","8,728",119,"11,240",0,74
14/05/2022,"2,993","4,715",0,"6,276",0,17
26/07/2020,"1,377","1,935",0,"2,952",0,14
17/09/2022,"3,201","5,410",0,"7,001",0,21
06/05/2022,"12,690","8,920",162,"13,686","3,786","1,105"
12/09/2023,"16,225","10,752",370,"20,100","4,952",91
11/11/2020,"13,983","7,616",255,"14,158","4,924",50
21/04/2021,"17,008","9,756",333,"18,260","5,945",87
05/09/2020,"2,352","3,874",0,"5,703",0,33
03/09/2019,"18,655","11,206",473,"24,236","5,993",0
17/05/2021,"15,725","8,498",290,"16,844","5,324",58
18/12/2019,"15,571","10,783",386,"20,872",838,0
18/10/2021,"4,309","2,260",46,"4,470",0,63
15/10/2023,"2,733","4,674",0,"6,635",0,12
12/04/2023,"11,439","8,952",304,"16,302",0,49
23/02/2021,"16,307","9,324",340,"17,544","5,964",90
02/03/2021,"15,296","9,596",340,"17,364","2,279",84
14/10/2020,"13,220","6,932",235,"13,692","5,362",56
19/10/2022,"15,004","9,893",271,"17,401","4,520",144
15/08/2022,"13,351","8,501",229,"15,343","4,725",59
10/10/2023,"16,811","11,939",388,"21,002","5,082",67
17/03/2021,"16,785","9,652",382,"18,088","5,806",58
11/03/2024,"1,836","4,736",0,"5,122",0,11
21/04/2020,"3,012","2,336",59,"3,738",0,0
24/12/2019,"7,522","5,894",75,"9,896",0,0
02/11/2022,"14,923","9,251",292,"16,548","4,134",90
24/05/2021,"15,716","9,235",302,"16,929","5,234",73
23/01/2021,"2,945","2,568",0,"5,160",0,26
25/05/2024,"4,666","6,110",0,"8,155",0,17
24/02/2023,"16,736","12,125",271,"20,324","5,107",94
15/05/2020,"4,497","2,636",76,"5,496",850,3
02/01/2024,"8,080","5,927",182,"10,283",0,41
19/02/2020,"20,862","12,622",478,"27,974","6,723",0
01/04/2020,"3,044","1,684",63,"3,666",72,0
12/04/2024,"16,685","10,875",266,"19,046","4,712",84
05/11/2021,"9,840","5,081",93,"9,188","4,393",50
26/02/2021,"16,179","9,691",244,"17,227","5,709",87
28/09/2024,1,0,0,4,0,1
14/08/2022,"2,020","3,445",0,"5,028",0,34
09/08/2020,"1,420","1,907",0,"3,035",0,12
02/02/2021,"15,765","8,633",284,"16,256","5,961",47
08/09/2024,"2,702","4,369",0,"6,920",0,33
25/05/2023,"12,032","10,241",300,"15,122","4,884",56
12/02/2024,"17,903","10,604",389,"19,884","6,207",89
29/11/2023,"12,696","8,960",327,"15,477","3,405",54
01/03/2020,"2,913","5,869",0,"6,972",0,2
21/02/2024,"19,158","11,821",419,"22,058","6,120",67
25/09/2024,21,0,1,10,8,0
09/07/2024,"12,138","9,564",308,"16,424",0,58
16/04/2022,"2,541","4,171",0,"5,337",0,12
22/11/2023,"15,962","10,907",361,"19,041","4,636",67
04/08/2021,"15,933","9,224",315,"17,131","5,186",54
10/01/2024,"11,414","8,630",293,"14,783",0,64
13/07/2024,"4,527","5,881",0,"7,983",0,19
28/09/2021,"2,435","1,014",25,"2,387",0,27
08/12/2022,"13,725","10,083",257,"16,396","2,039",54
29/12/2019,"2,479","3,521",0,"4,903",0,0
21/09/2023,"16,326","11,740",314,"20,496","4,733",81
06/07/2019,"5,214","6,141",0,"6,925",0,0
11/07/2019,"12,776","9,536",421,"19,204",0,0
17/09/2020,"12,822","6,361",176,"12,798","5,085",73
09/06/2020,"9,247","4,624",131,"9,710","4,853",6
14/01/2022,"6,282","3,971",49,"7,008",0,39
04/02/2022,"12,029","6,319",100,"11,191","5,591",56
13/02/2021,"3,220","4,787",0,"6,099",0,30
13/12/2019,"16,427","12,551",306,"22,808","2,053",1
30/04/2023,"1,843","3,261",0,"4,842",0,11
06/08/2022,"2,971","4,809",0,"6,471",0,21
17/07/2022,"2,062","3,396",0,"4,890",0,29
28/04/2021,"16,743","10,003",289,"18,598","5,665",98
18/06/2021,"14,794","9,746",267,"16,438","4,737",64
21/12/2020,"8,915","6,484",188,"10,986",0,69
07/04/2022,"12,644","7,607",224,"13,913","4,633",55
25/06/2021,"13,570","9,092",224,"14,802","3,337",62
24/09/2024,36,78,0,21,3,0
17/03/2022,"14,363","8,534",241,"16,272","5,140",110
15/07/2022,"9,293","7,980",159,"12,601",0,45
15/02/2021,"16,004","8,666",284,"16,823","6,048",47
18/10/2022,"14,898","9,639",268,"17,225","4,795",68
06/06/2023,"15,624","10,409",376,"18,010","4,978",69
11/05/2022,"13,897","8,834",256,"15,412","4,604",67
13/07/2020,"5,918","4,376",113,"8,540",0,3
24/08/2021,"1,788",711,20,"1,714",27,14
12/10/2022,"15,012","10,006",278,"17,394","4,617",63
22/09/2021,"2,389","1,013",18,"2,389",0,21
08/09/2022,"13,343","8,664",224,"15,129","4,322",104
04/07/2024,"14,158","9,736",322,"17,267","2,795",67
18/05/2022,"13,723","8,795",255,"15,675","4,227",50
19/05/2020,"6,275","3,094",92,"6,537","2,527",1
06/05/2020,"3,735","2,108",63,"4,605",140,16
20/03/2023,"16,522","10,963",345,"19,721","5,551",65
22/10/2021,"6,021","3,057",41,"6,156",0,39
10/09/2021,"2,400",847,18,"2,299",0,36
16/07/2020,"7,046","5,060",133,"10,048",0,2
24/11/2022,"14,678","9,684",232,"16,618","3,827",94
27/09/2023,"13,072","11,190",322,"19,284",0,50
07/07/2023,"10,835","9,020",205,"14,696",0,68
01/02/2021,"12,304","7,426",267,"13,727","1,217",42
10/08/2023,"16,090","11,395",347,"20,162","4,652",95
04/02/2021,"16,008","8,818",269,"16,473","6,887",76
07/12/2023,"15,093","10,909",320,"17,845","2,524",88
01/06/2024,"4,766","5,885",0,"7,828",0,23
01/10/2022,"3,330","5,908",0,"7,685",0,33
22/10/2020,"13,517","7,067",250,"13,741","5,340",38
21/10/2019,"18,176","11,790",428,"24,814","5,698",0
27/01/2022,"7,246","4,565",94,"8,304",0,43
24/03/2022,"13,605","8,230",260,"15,712","4,796",69
04/05/2021,"15,234","8,655",304,"16,176","5,157",71
28/01/2022,"7,358","4,799",83,"8,416",0,51
05/12/2021,"1,835","3,029",0,"4,304",0,27
06/09/2022,"14,002","8,943",237,"15,814","4,669",35
02/12/2022,"13,977","10,088",199,"15,873","2,973",62
16/04/2021,"11,478","8,901",234,"14,947",0,81
19/06/2020,"9,639","5,855",115,"10,813","4,784",5
05/08/2021,"15,753","9,203",270,"17,369","5,183",115
27/06/2020,"2,060","3,718",0,"4,989",0,1
27/09/2024,6,0,0,13,0,0
02/01/2021,"2,113","3,514",0,"4,362",0,25
17/02/2021,"16,515","9,313",288,"17,924","6,045",79
04/02/2023,"3,792","5,316",0,"7,711",0,20
08/08/2019,"17,055","11,668",450,"23,975","2,072",13
22/11/2019,"17,767","12,251",344,"22,953","5,243",88
25/08/2022,"14,093","9,194",188,"16,142","4,374",72
07/06/2021,"15,462","9,033",287,"16,468","5,400",69
01/05/2022,"2,116","3,635",0,"5,166",0,15
08/07/2023,"3,336","4,532",0,"6,482",0,16
18/11/2021,"10,609","6,167",143,"11,415","4,464",51
05/02/2023,"2,470","4,481",0,"6,197",0,22
16/10/2022,"2,320","4,285",0,"6,017",0,17
09/06/2021,"14,998","9,167",317,"16,406","5,297",56
01/09/2021,"2,093",791,24,"2,000",0,14
22/07/2020,"11,326","5,558",153,"11,361","5,060",34
16/02/2021,"16,939","8,742",341,"17,743","6,211",97
30/08/2022,"14,116","8,863",225,"15,990","4,392",54
23/05/2024,"17,414","11,086",318,"19,881","4,917",71
29/06/2022,"11,434","8,254",248,"13,939","2,642",49
31/07/2022,"1,939","3,626",0,"4,918",0,18
04/11/2022,"14,653","9,360",176,"15,852","3,994",80
22/11/2022,"14,214","9,565",263,"16,618","4,049",104
06/11/2020,"13,752","7,333",194,"13,984","4,941",31
14/01/2024,"2,573","4,084",0,"5,643",0,17
09/04/2021,"11,445","9,039",215,"14,506",0,54
11/11/2023,"4,154","6,325",0,"8,797",0,17
28/09/2022,"10,443","8,835",262,"14,540",0,41
16/03/2020,"17,139","9,723",369,"22,739","6,000",0
12/08/2021,"12,264","7,130",217,"13,291","1,925",55
09/01/2022,"1,473","2,326",0,"3,350",0,30
30/11/2022,"14,266","9,665",248,"16,658","3,458",60
01/04/2022,"12,837","8,514",181,"14,617","4,692",67
28/07/2020,"11,472","5,796",179,"11,497","5,366",56
21/07/2021,"15,708","8,764",325,"16,434","5,252",110
10/04/2023,"2,417","3,853",0,"5,766",0,21
16/05/2023,"16,229","11,175",421,"19,552","5,001",54
22/06/2023,"14,273","9,779",302,"17,029","4,072",121
22/04/2021,"17,017","9,626",325,"18,501","5,744",75
08/09/2020,"12,692","6,269",189,"12,158","5,132",53
07/09/2020,"11,841","5,825",194,"11,846","5,086",49
13/06/2021,"2,130","4,063",0,"5,204",0,29
24/01/2024,"12,502","9,667",331,"15,883",0,71
25/11/2022,"14,427","9,851",169,"17,155","3,529",73
13/04/2024,"4,855","6,268",0,"8,404",0,22
13/11/2019,"18,610","12,106",461,"25,270","5,744",9
01/03/2021,"16,232","8,903",310,"17,113","5,857",72
02/11/2021,"10,172","5,042",116,"9,436","4,866",72
19/03/2023,"2,435","4,340",0,"6,227",0,15
12/01/2024,"11,183","8,741",215,"14,127",0,119
16/08/2021,"2,079",953,23,"2,185",14,11
13/05/2020,"4,050","2,306",72,"5,347",869,0
06/02/2023,"16,019","10,179",307,"18,489","5,868",160
11/11/2021,"11,004","5,523",129,"10,359","4,731",77
28/08/2022,"2,035","4,008",0,"5,240",0,22
11/09/2020,"12,248","6,821",165,"12,700","4,919",45
22/05/2022,"1,955","2,981",0,"4,777",0,18
17/04/2022,"1,569","3,203",0,"4,099",0,14
14/03/2023,"17,223","11,618",355,"20,989","5,625",73
13/09/2024,"15,789","10,273",280,"18,080","4,378",85
28/01/2020,"13,109","9,653",380,"20,317",0,0
26/06/2022,"2,032","3,506",0,"4,891",0,28
19/07/2021,"15,032","8,449",281,"15,625","5,217",61
20/01/2023,"11,236","8,943",200,"14,207",0,64
14/10/2023,"4,396","6,369",0,"8,993",0,84
23/09/2022,"13,042","9,011",161,"14,820","2,928",93
28/10/2022,"12,670","9,420",188,"15,280","2,969",55
29/12/2022,"5,431","3,887",18,"6,497",0,66
18/07/2021,"2,026","3,035",0,"4,398",0,36
23/09/2024,56,"1,938",0,67,10,0
29/08/2022,"12,670","7,783",220,"14,208","4,386",56
20/09/2021,"2,136",909,23,"2,215",0,25
04/09/2021,590,433,0,"1,016",0,11
20/12/2021,"8,432","6,021",172,"10,552",4,44
03/07/2020,"8,889","6,077",113,"11,132","2,966",4
28/10/2023,"4,339","6,542",0,"8,932",0,22
06/11/2019,"18,955","12,275",470,"25,228","5,665",0
17/12/2020,"12,712","8,500",249,"14,190",911,47
28/05/2021,"16,113","9,808",246,"16,822","5,178",91
22/09/2024,21,577,0,49,0,0
23/03/2021,"14,108","8,154",322,"15,402","5,170",61
03/09/2024,"16,725","10,456",351,"19,473","4,826",92
30/06/2021,"10,372","7,411",273,"13,369",5,59
07/07/2020,"7,127","5,241",142,"10,067",0,8
26/07/2022,"13,363","8,790",227,"15,117","4,590",54
01/04/2021,"15,612","9,075",252,"16,471","4,890",98
11/08/2021,"15,917","9,295",319,"17,484","5,160",58
03/09/2020,"12,307","6,055",192,"11,891","5,195",49
17/01/2020,"12,437","10,255",315,"19,115",0,0
27/07/2024,"4,878","6,506",0,"8,932",0,21
20/07/2019,"5,057","6,692",0,"7,379",0,1
17/08/2023,"15,096","11,170",343,"19,353","1,922",106
09/12/2020,"13,538","8,600",254,"14,832","2,988",49
29/01/2022,"2,345","2,973",0,"4,511",0,18
22/08/2019,"18,831","12,491",439,"26,140","5,497",1
07/12/2022,"14,224","10,015",268,"16,799","2,268",72
08/11/2021,"9,798","5,040",140,"9,354","4,516",67
23/07/2023,"2,687","4,929",0,"7,061",0,21
28/03/2024,"17,732","12,303",285,"19,920","5,404",68
23/12/2019,"9,651","7,544",174,"13,305",0,0
20/02/2021,"3,241","4,816",0,"6,232",0,27
10/01/2020,"6,154","9,985",69,"10,609",0,1
23/04/2024,"13,638","10,823",362,"19,086",0,80
02/04/2021,"1,268","2,517",0,"2,850",0,12
19/02/2024,"18,342","11,333",432,"20,730","5,993",73
17/12/2021,"10,707","7,812",161,"12,696",596,52
03/12/2020,"13,587","8,360",265,"14,944","4,111",44
09/01/2024,"11,248","8,832",317,"14,783",0,57
25/06/2022,"3,022","4,736",0,"6,342",0,21
02/11/2020,"13,149","5,827",247,"12,978","5,084",51
11/08/2023,"15,810","11,057",262,"19,274","4,372",84
20/08/2019,"19,431","12,269",479,"26,158","5,835",0
30/03/2023,"16,112","11,302",313,"19,714","4,964",66
08/10/2023,"2,741","4,863",0,"6,946",0,13
22/08/2022,"13,093","8,338",228,"15,085","4,394",32
06/01/2024,"3,772","8,419",0,"6,935",0,24
25/09/2023,"12,217","10,407",314,"17,834",0,36
07/09/2021,"2,035",853,24,"2,189",0,28
17/11/2022,"14,939","9,916",227,"16,962","4,006",62
17/08/2022,"14,023","9,187",261,"16,260","4,319",39
29/01/2024,"13,054","9,140",311,"15,966",42,52
18/09/2021,708,585,0,"1,217",0,10
20/09/2022,"14,506","9,955",258,"16,735","4,284",115
03/07/2024,"14,579","10,075",341,"17,638","2,831",72
15/12/2021,"10,815","6,909",216,"12,610",854,44
23/01/2022,"1,616","2,475",0,"3,771",0,22
01/08/2020,"2,174","3,638",0,"5,068",0,45
18/11/2019,"17,675","11,307",422,"23,598","5,681",0
14/09/2024,"4,892","6,279",0,"9,158",0,24
19/08/2020,"10,950","5,173",172,"10,853","4,996",55
04/12/2019,"17,360","11,712",465,"23,467","4,705",1
12/06/2022,"1,918","3,625",0,"4,776",0,20
01/02/2022,"11,002","5,388",112,"10,088","5,151",55
07/01/2020,"10,356","7,905",351,"15,447",0,0
04/05/2022,"14,028","8,768",263,"15,588","4,916",118
16/08/2019,"18,703","12,607",346,"25,086","5,447",0
09/08/2019,"16,883","10,790",375,"23,007","5,284",14
13/11/2020,"13,394","7,584",198,"13,614","4,672",65
07/07/2022,"9,635","7,788",226,"12,984",0,72
12/04/2022,"10,254","7,869",277,"13,742",0,48
25/12/2019,61,0,0,101,0,0
16/09/2019,"18,179","11,701",496,"24,422","5,790",0
26/01/2024,"2,891","5,593",0,"7,065",0,19
14/07/2019,"3,584","3,486",0,"4,761",0,3
19/03/2020,"15,491","7,963",330,"19,246","5,873",0
16/06/2024,"2,626","4,124",0,"6,481",0,21
13/12/2020,"2,251","3,621",0,"4,833",0,26
20/03/2021,"3,186","4,406",0,"5,835",0,28
13/03/2020,"18,951","11,915",373,"25,302","5,882",0
19/01/2020,"2,614","3,950",0,"5,203",0,3
24/04/2023,"13,698","9,132",232,"16,254","1,945",61
28/01/2021,"10,711","6,942",280,"12,890",0,45
24/08/2020,"11,504","5,692",156,"11,230","5,247",55
05/03/2021,"15,957","9,623",205,"17,175","4,850",68
17/12/2023,"2,748","4,329",0,"6,366",0,21
29/10/2022,"3,582","6,057",0,"7,179",0,16
24/11/2020,"13,445","8,019",278,"14,531","4,690",80
08/02/2023,"16,614","10,940",336,"19,728","5,921",144
27/09/2019,"18,492","13,384",329,"25,249","4,745",0
16/02/2022,"13,027","6,466",157,"12,947","5,466",55
19/03/2021,"16,607","9,711",236,"16,941","5,569",57
15/12/2019,"2,865","4,472",0,"6,323",0,0
27/03/2022,"2,031","2,942",0,"4,909",0,33
10/04/2022,"2,035","3,536",0,"5,237",0,24
05/03/2024,"17,619","12,503",403,"22,310","2,266",90
15/04/2022,"1,155","2,768",0,"3,000",0,8
25/09/2020,"10,814","5,837",171,"11,165","4,109",34
11/09/2022,"2,040","4,185",0,"5,374",0,27
17/04/2021,"3,156","4,913",0,"6,445",0,26
27/01/2020,"2,396","3,371",0,"5,185",0,0
16/04/2024,"13,976","11,549",391,"19,837",0,82
12/02/2021,"15,506","8,650",230,"15,651","5,317",79
04/04/2024,"17,209","10,776",347,"20,138","5,537",78
01/11/2019,"18,179","12,743",337,"24,242","5,251",1
25/11/2023,"4,233","6,813",0,"8,613",0,32
20/03/2024,"18,958","12,303",411,"21,981","5,823",88
01/09/2024,"2,448","4,364",0,"6,487",0,29
13/07/2023,"11,556","9,933",312,"16,001",0,52
24/09/2021,"2,510","1,025",16,"2,530",0,26
14/04/2024,"2,704","4,861",0,"6,791",0,19
14/11/2022,"13,895","8,761",271,"15,661","4,206",54
28/09/2020,"8,822","6,028",200,"10,349",0,28
19/01/2023,"11,337","8,671",262,"14,881",0,66
16/08/2023,"16,791","11,800",387,"20,936","4,684",113
10/01/2022,"5,732","3,548",73,"6,644",0,25
04/05/2020,"3,717","1,952",70,"4,411",131,19
26/07/2023,"16,680","11,726",347,"20,438","4,738",99
